Data,Otwarcie,Najwyzszy,Najnizszy,Zamkniecie,Wolumen
2015-11-26,56.636,57.334,56.356,57.055,831247
2015-11-27,57.055,57.112,55.511,56.234,1319942
2015-11-30,56.234,56.546,54.838,55.765,3187116
2015-12-01,56.193,56.8,55.274,55.412,1420895
2015-12-02,55.782,55.841,54.133,54.633,1376813
2015-12-03,54.715,55.692,53.794,54.133,1346476
2015-12-04,53.607,54.453,51.513,54.421,2615218
2015-12-07,54.592,56.234,54.239,54.641,873703
2015-12-08,55.085,55.659,53.731,53.852,2270477
2015-12-09,54.125,54.469,52.186,52.186,1841645
2015-12-10,52.211,52.777,51.062,51.8,1349582
2015-12-11,52.129,53.114,51.325,51.957,2052646
2015-12-14,51.965,52.768,51.769,52.129,1326602
2015-12-15,52.392,52.745,52.047,52.334,1031590
2015-12-16,52.54,52.941,51.965,52.334,1252250
2015-12-17,52.507,54.592,52.358,54.173,1305113
2015-12-18,53.771,54.232,52.851,52.933,2751874
2015-12-21,52.95,54.421,52.786,54.183,911283
2015-12-22,54.305,56.029,53.852,55.388,1335814
2015-12-23,55.823,56.356,54.863,55.306,670172
2015-12-28,55.011,56.439,55.002,55.683,288085
2015-12-29,56.234,57.375,55.947,56.012,772178
2015-12-30,56.02,56.816,55.659,55.7,830555
2016-01-04,54.183,54.691,52.989,53.319,1214001
2016-01-05,53.689,54.247,52.622,53.098,1102927
2016-01-07,52.507,55.348,52.145,53.156,1881736
2016-01-08,53.377,53.573,51.489,51.883,1040636
2016-01-11,51.701,53.607,51.331,53.063,1690639
2016-01-12,53.402,54.633,52.917,53.591,1697814
2016-01-13,53.935,54.519,53.607,53.852,1271368
2016-01-14,53.36,53.689,52.113,52.984,1143532
2016-01-15,52.548,53.597,52.392,53.229,1069461
2016-01-18,53.197,53.533,52.154,52.154,795994
2016-01-19,52.728,54.066,52.663,53.689,1030654
2016-01-20,52.409,54.346,52.409,52.811,2072804
2016-01-21,53.197,54.223,52.762,53.722,1421467
2016-01-22,53.722,54.321,53.106,53.343,1709339
2016-01-25,53.731,54.173,52.442,54.066,1262180
2016-01-26,53.278,54.297,53.205,53.311,1397728
2016-01-27,53.04,53.402,51.72,52.49,1789423
2016-01-28,52.235,52.989,51.078,51.226,1798247
2016-01-29,51.603,52.121,49.379,51.103,2182551
2016-02-01,51.3,51.3,49.994,50.429,1362665
2016-02-02,50.676,50.849,49.453,49.559,1614290
2016-02-03,49.518,49.674,47.614,48.113,2224771
2016-02-04,48.024,48.673,47.738,48.6,1239052
2016-02-05,48.845,50.331,48.443,50.093,1222231
2016-02-08,50.077,50.561,49.281,49.871,1476948
2016-02-09,49.912,49.912,48.402,49.174,1309182
2016-02-10,49.256,49.395,47.778,47.802,1397172
2016-02-11,47.703,47.86,46.711,47.531,1058587
2016-02-12,47.516,47.86,46.637,47.318,943418
2016-02-15,47.941,48.09,46.647,47.531,1239185
2016-02-16,47.285,48.361,46.381,48.361,1378742
2016-02-17,48.418,51.627,48.369,51.627,1827293
2016-02-18,51.637,52.573,50.988,51.72,2194401
2016-02-19,51.504,52.737,51.481,52.4,1365712
2016-02-22,52.555,53.188,52.555,53.156,1095600
2016-02-23,52.203,52.507,51.087,51.907,1173464
2016-02-24,51.923,53.098,51.168,51.307,1898565
2016-02-25,51.72,52.038,50.774,51.777,1088023
2016-02-26,52.031,53.114,51.907,52.654,1694186
2016-02-29,52.129,52.499,51.504,52.474,1646135
2016-03-01,52.474,52.826,51.3,51.858,1331930
2016-03-02,52.129,52.211,50.454,50.792,1042970
2016-03-03,51.144,53.139,50.125,53.139,1968264
2016-03-04,52.984,53.114,52.047,52.851,906185
2016-03-07,52.54,54.264,52.53,54.059,2031473
2016-03-08,53.36,53.36,51.579,52.54,3124138
2016-03-09,52.481,52.639,51.513,51.809,1692371
2016-03-10,51.809,52.129,50.954,51.234,1970016
2016-03-11,51.472,52.909,51.431,52.54,1620618
2016-03-14,52.548,53.082,51.489,51.99,1303842
2016-03-15,51.907,52.375,51.76,52.113,924893
2016-03-16,52.186,52.639,51.883,52.639,986758
2016-03-17,51.809,54.469,51.809,53.91,1417338
2016-03-18,54.083,55.576,53.484,55.511,2931124
2016-03-21,55.249,55.897,54.722,55.823,1992074
2016-03-22,55.864,56.48,55.043,56.003,1725092
2016-03-23,55.841,56.282,55.011,55.675,1093415
2016-03-24,55.412,57.292,55.076,57.292,1450067
2016-03-29,57.055,58.663,56.833,58.401,2101555
2016-03-30,58.491,60.57,58.491,60.57,2172956
2016-03-31,57.466,60.668,56.645,60.668,2760202
2016-04-01,59.953,60.526,58.951,59.526,1301982
2016-04-04,59.271,60.494,58.983,60.462,836828
2016-04-05,60.175,60.42,59.133,59.32,1658426
2016-04-06,59.37,60.009,57.572,58.039,1007937
2016-04-07,58.466,58.656,56.899,57.466,1312806
2016-04-08,57.818,58.893,57.539,58.17,897660
2016-04-11,58.057,58.844,57.743,58.393,728203
2016-04-12,58.368,58.508,57.055,57.712,838033
2016-04-13,57.875,59.518,57.875,59.114,763761
2016-04-14,58.844,59.74,58.696,59.304,609900
2016-04-15,59.386,59.682,58.572,59.083,892891
2016-04-18,58.779,58.951,58.121,58.435,983225
2016-04-19,58.598,60.535,58.598,60.083,1166866
2016-04-20,60.009,60.618,59.797,60.322,1663157
2016-04-21,60.256,60.338,58.663,59,1564324
2016-04-22,59.107,59.189,56.997,57.474,1490203
2016-04-25,57.228,57.834,56.455,57.466,868825
2016-04-26,57.466,57.753,56.914,57.466,1399117
2016-04-27,57.144,57.916,56.02,56.267,1277807
2016-04-28,56.07,57.9,55.749,57.285,1335892
2016-04-29,57.589,57.589,56.423,56.439,1395320
2016-05-02,56.767,57.547,55.774,56.356,541501
2016-05-04,56.356,56.776,54.633,55.167,1263864
2016-05-05,55.167,55.412,53.631,54.879,866559
2016-05-06,54.829,55.207,53.508,54.649,1245194
2016-05-09,54.895,55.659,54.297,54.715,718652
2016-05-10,54.871,55.412,53.36,54.017,1060144
2016-05-11,54.017,56.184,53.689,55.462,1085878
2016-05-12,55.897,56.957,55.897,56.686,1053602
2016-05-13,56.686,56.89,56.34,56.439,884795
2016-05-16,56.423,57.694,56.423,56.759,795694
2016-05-17,56.848,57.423,55.823,55.864,673213
2016-05-18,55.864,56.234,55.354,55.57,880850
2016-05-19,55.496,56.267,54.435,54.559,943434
2016-05-20,54.509,56.512,53.96,56.512,996439
2016-05-23,56.48,56.652,55.486,56.012,547078
2016-05-24,56.209,56.989,55.602,56.808,829843
2016-05-25,56.972,58.285,56.726,57.466,1583374
2016-05-27,57.9,58.121,56.447,56.89,1051981
2016-05-30,56.89,57.055,56.48,56.645,347333
2016-05-31,56.784,57.753,56.784,56.791,2120146
2016-06-01,57.055,57.704,56.39,56.645,1379138
2016-06-02,56.645,56.89,56.02,56.398,968225
2016-06-03,56.562,57.325,56.053,57.006,1078484
2016-06-06,57.136,57.179,55.496,55.742,877145
2016-06-07,55.823,57.267,55.823,56.496,1084698
2016-06-08,56.489,57.662,56.078,56.914,1102647
2016-06-09,56.645,57.055,55.536,55.602,640527
2016-06-10,55.823,55.938,54.731,55.675,511512
2016-06-13,55.011,56.726,54.838,56.439,684624
2016-06-14,56.168,56.282,55.011,55.584,1066877
2016-06-15,55.65,55.65,54.887,55.438,815040
2016-06-16,54.756,56.234,54.691,55.675,1560342
2016-06-17,55.742,56.201,55.002,55.823,1777691
2016-06-20,56.439,57.457,56.037,56.439,863399
2016-06-21,56.078,56.661,55.724,56.661,693581
2016-06-22,56.645,57.301,56.356,57.26,820203
2016-06-23,57.375,59.557,57.063,59.557,1196650
2016-06-24,48.435,58.246,48.435,56.686,1121147
2016-06-27,56.356,57.63,55.88,56.899,907078
2016-06-28,57.687,57.712,56.652,57.423,1607220
2016-06-29,57.768,57.768,57.103,57.26,2052748
2016-06-30,56.808,57.399,56.489,56.686,1636678
2016-07-01,57.103,57.179,56.029,56.504,706664
2016-07-04,55.954,56.11,55.085,55.659,1005697
2016-07-05,55.816,55.816,54.895,55.117,818691
2016-07-06,55.117,55.24,53.976,54.469,1473289
2016-07-07,54.698,55.151,54.115,54.608,994763
2016-07-08,54.871,54.871,52.581,52.581,1551788
2016-07-11,53.197,53.533,52.17,53.008,2165774
2016-07-12,52.851,54.133,52.793,54.133,1149475
2016-07-13,54.345,54.954,53.015,53.451,1683574
2016-07-14,54.204,54.204,51.918,52.68,1919268
2016-07-15,53.104,53.688,52.552,53.442,1331174
2016-07-18,53.782,55.492,53.782,55.348,961856
2016-07-19,55.425,56.196,55.068,56.145,925446
2016-07-20,56.398,56.474,54.654,54.713,1606782
2016-07-21,55.027,55.027,53.416,54.882,965662
2016-07-22,54.882,54.941,53.874,54.009,539813
2016-07-25,54.204,55.212,54.197,55.119,675012
2016-07-26,55.001,56.272,54.806,55.635,1144072
2016-07-27,55.475,55.525,54.247,55.39,1322540
2016-07-28,54.966,55.39,53.518,53.518,1638778
2016-07-29,53.527,53.782,52.731,52.891,2131276
2016-08-01,53.188,53.738,51.936,53.197,1000775
2016-08-02,53.357,53.909,52.426,52.977,1421509
2016-08-03,53.221,53.357,52.146,52.782,650412
2016-08-04,52.977,54.509,52.866,54.458,1341866
2016-08-05,54.602,54.823,53.738,54.628,1714640
2016-08-08,54.678,55.221,54.231,55.195,893787
2016-08-09,54.993,56.152,54.89,55.678,1010257
2016-08-10,55.23,56.72,55.178,56.72,1094384
2016-08-11,56.322,57.118,56.05,56.846,1315268
2016-08-12,57,57.416,56.237,56.347,1035649
2016-08-16,56.322,56.449,54.856,55.052,1808257
2016-08-17,55.052,55.45,53.688,54.289,1301480
2016-08-18,54.417,55.043,54.129,55.027,904996
2016-08-19,55.052,55.644,54.839,55.475,691668
2016-08-22,55.052,56.406,55.052,56.152,1065773
2016-08-23,55.949,56.492,55.237,55.729,3066697
2016-08-24,55.23,55.475,54.67,55.475,779692
2016-08-25,55.432,55.442,54.713,55.263,910856
2016-08-26,55.128,55.289,54.476,54.966,652349
2016-08-29,55.034,55.212,54.476,55.128,528728
2016-08-30,55.052,55.864,55.027,55.771,824962
2016-08-31,55.729,55.789,54.67,55.052,1457415
2016-09-01,54.984,55.518,54.331,55.221,970068
2016-09-02,55.068,55.221,54.559,54.797,1064358
2016-09-05,54.797,55.263,54.551,54.755,591998
2016-09-06,54.755,55.475,54.264,54.509,1563855
2016-09-07,54.407,55.644,54.407,55.355,1150719
2016-09-08,55.466,55.644,54.382,54.806,806922
2016-09-09,54.628,54.755,54.085,54.204,465071
2016-09-12,53.782,53.79,52.511,53.307,838390
2016-09-13,53.527,53.603,52.519,53.104,1142553
2016-09-14,53.569,53.569,52.765,53.146,474272
2016-09-15,53.188,54.12,53.053,53.967,679678
2016-09-16,54.078,54.441,53.612,54.035,1627414
2016-09-19,54.357,55.254,54.357,55.204,891298
2016-09-20,55.052,55.814,54.789,55.814,550643
2016-09-21,55.687,56.355,55.687,56.355,865323
2016-09-22,56.246,57.718,56.246,57.083,1653926
2016-09-23,56.957,56.957,55.178,55.738,1052070
2016-09-26,55.195,55.221,54.391,54.746,627520
2016-09-27,55.001,55.009,54.365,55.009,547686
2016-09-28,55.052,55.195,54.323,54.713,671314
2016-09-29,55.263,55.762,54.628,55.204,671253
2016-09-30,54.628,55.602,54.357,55.06,1777412
2016-10-03,55.365,55.771,54.755,54.882,833363
2016-10-04,55.305,56.338,55.027,55.899,1630623
2016-10-05,55.983,57.168,55.89,56.745,763348
2016-10-06,57,57.168,56.543,56.957,807475
2016-10-07,57.075,57.134,56.737,56.872,1095583
2016-10-10,56.872,59.363,56.872,58.931,2777660
2016-10-11,59.116,59.71,58.812,58.931,1651324
2016-10-12,58.574,59.541,58.372,59.091,817629
2016-10-13,58.567,58.803,58.312,58.431,2260731
2016-10-14,58.559,58.567,58.413,58.44,683522
2016-10-17,58.44,58.88,57.339,57.38,964006
2016-10-18,57.635,58.507,57.38,57.398,813294
2016-10-19,57.44,58.862,57.44,58.27,1124097
2016-10-20,59.278,59.583,59.04,59.413,1327592
2016-10-21,59.455,59.837,59.066,59.329,844296
2016-10-24,59.286,60.132,59.253,59.896,571531
2016-10-25,59.717,61.386,59.717,61.014,1327560
2016-10-26,60.981,62.715,60.786,62.504,2645193
2016-10-27,62.632,64.232,62.59,63.436,2227636
2016-10-28,63.445,64.369,62.944,64.046,1696127
2016-10-31,64.03,66.23,64.03,65.893,3793812
2016-11-02,65.808,65.808,63.57,63.859,2781360
2016-11-03,63.69,64.546,63.317,64.325,1550862
2016-11-04,63.903,64.2,61.946,61.946,965349
2016-11-07,62.792,63.31,61.827,62.149,1360398
2016-11-08,62.59,63.037,62.106,62.75,1229823
2016-11-09,62.167,62.427,61.166,62.047,1305024
2016-11-10,62.691,66.299,62.691,62.996,2125848
2016-11-14,61.827,63.97,61.742,61.768,1693628
2016-11-15,62.233,63.097,62.208,62.555,1267009
2016-11-16,63.056,64.47,62.996,63.377,1330643
2016-11-17,63.445,63.683,60.819,61.26,830948
2016-11-18,60.768,62.615,60.259,60.421,1102358
2016-11-21,60.853,63.817,60.556,63.817,1500057
2016-11-22,64.369,64.842,64.131,64.622,1701155
2016-11-23,64.376,66.392,64.376,66.358,1363237
2016-11-24,66.316,66.823,64.96,65.621,544440
2016-11-25,65.765,65.765,64.122,65.375,657786
2016-11-28,65.097,65.469,64.52,64.918,665117
2016-11-29,65.215,65.215,64.562,64.562,680887
2016-11-30,64.589,66.215,64.554,64.75,2036814
2016-12-01,65.639,65.639,64.113,65.046,1289606
2016-12-02,65.307,65.461,64.062,64.131,1045587
2016-12-05,64.622,68.179,64.622,68.095,1475339
2016-12-06,68.103,68.781,67.358,68.179,1417343
2016-12-07,68.136,69.619,66.655,68.864,1682995
2016-12-08,68.187,70.237,67.511,69.458,1783415
2016-12-09,69.027,69.976,68.476,68.951,1325977
2016-12-12,69.703,69.762,67.612,67.883,930746
2016-12-13,68.204,70.001,68.162,69.95,1266359
2016-12-14,69.441,72.135,68.772,72.135,1660523
2016-12-15,71.99,71.99,70.297,70.636,1407570
2016-12-16,70.839,72.609,70.212,72.058,2579626
2016-12-19,72.836,74.226,71.99,73.829,1755229
2016-12-20,73.836,73.855,71.794,71.794,1168995
2016-12-21,71.99,73.142,71.779,71.99,1153369
2016-12-22,71.99,73.676,71.907,73.219,1242968
2016-12-23,73.219,73.616,71.601,72.906,777469
2016-12-27,72.836,73.421,72.744,73.209,280932
2016-12-28,72.872,73.261,71.99,72.16,545677
2016-12-29,72.617,73.15,71.574,71.821,815683
2016-12-30,71.99,72.414,71.847,72.244,1056280
2017-01-02,72.076,72.744,71.788,72.49,192108
2017-01-03,72.836,73.269,71.441,71.779,1423611
2017-01-04,72.16,73.261,70.585,73.261,1372493
2017-01-05,72.931,75.963,72.778,75.666,1802931
2017-01-09,75.633,75.633,74.312,75.04,1130740
2017-01-10,74.785,75.802,74.438,74.785,1076769
2017-01-11,74.785,74.896,72.066,72.38,1519577
2017-01-12,72.712,74.371,72.287,73.168,1414776
2017-01-13,73.16,73.973,72.422,73.261,776693
2017-01-16,73.006,73.659,71.931,72.024,994889
2017-01-17,72.329,73.133,71.948,72.584,815349
2017-01-18,72.584,72.947,72.27,72.625,1212889
2017-01-19,72.625,73.261,72.422,73.261,912728
2017-01-20,73.261,73.287,68.603,69.874,3978542
2017-01-23,69.882,70.72,69.288,69.703,1794886
2017-01-24,70.042,70.297,69.322,69.713,2211515
2017-01-25,69.661,69.966,68.348,69.797,1888370
2017-01-26,70.297,70.297,68.931,69.027,1756094
2017-01-27,69.033,70.559,68.772,70.559,893966
2017-01-30,70.592,70.636,68.864,68.864,674824
2017-01-31,69.196,69.687,68.755,68.755,614042
2017-02-01,69.441,69.762,68.839,69.28,926043
2017-02-02,69.449,69.695,69.128,69.196,1377914
2017-02-03,69.322,70.55,69.052,70.542,1541259
2017-02-06,70.72,71.693,70.517,71.693,1239402
2017-02-07,71.567,71.779,70.754,71.304,836561
2017-02-08,71.16,71.321,70.728,70.974,804949
2017-02-09,71.432,75.378,70.846,73.6,2051922
2017-02-10,74.929,74.929,72.329,72.37,1271570
2017-02-13,72.836,73.583,72.414,73.583,480429
2017-02-14,73.6,74.684,72.854,74.015,986091
2017-02-15,74.446,75.716,73.998,75.716,1423612
2017-02-16,75.692,81.891,75.09,79.19,3521385
2017-02-17,79.637,81.01,78.011,78.343,2133622
2017-02-20,78.343,79.19,78.098,78.596,432278
2017-02-21,78.724,81.612,78.698,81.612,897051
2017-02-22,81.696,81.731,78.478,79.613,1530953
2017-02-23,79.85,81.645,79.604,81.645,1019635
2017-02-24,81.349,81.604,79.884,80.036,1435495
2017-02-27,79.951,80.951,79.359,79.909,822079
2017-02-28,80.266,80.587,79.502,79.782,1097783
2017-03-01,80.078,83.127,79.976,81.222,1396260
2017-03-02,81.722,82.933,80.612,80.799,1363607
2017-03-03,80.655,83.001,80.256,81.459,1339889
2017-03-06,81.731,83.001,81.324,82.687,837041
2017-03-07,82.619,83.5,81.79,83.162,1759852
2017-03-08,82.492,84.609,82.492,83.932,905591
2017-03-09,83.915,83.932,82.238,83.552,1285432
2017-03-10,83.552,84.567,82.695,84.271,1303288
2017-03-13,84.576,86.262,84.263,85.414,1099289
2017-03-14,85.541,87.911,84.779,87.407,928700
2017-03-15,87.407,89.181,86.049,87.66,822324
2017-03-16,87.911,89.695,87.825,89.059,918998
2017-03-17,88.929,91.769,88.721,91.598,3047283
2017-03-20,90.876,91.129,89.695,90.669,955611
2017-03-21,90.199,91.002,88.46,88.929,1177199
2017-03-22,86.389,87.66,85.881,86.093,1446451
2017-03-23,86.049,89.477,85.965,89.477,1019615
2017-03-24,89.355,89.434,87.789,89.434,770624
2017-03-27,88.164,88.251,85.246,86.303,955908
2017-03-28,86.729,87.868,86.135,87.868,464293
2017-03-29,88.338,88.973,87.189,87.868,759245
2017-03-30,88.547,88.547,87.276,88.294,950524
2017-03-31,87.868,88.589,84.695,84.695,1108600
2017-04-03,86.858,90.199,86.814,90.109,850245
2017-04-04,89.947,92.058,89.695,90.967,1052730
2017-04-05,89.821,91.634,89.017,89.017,1182779
2017-04-06,88.129,88.547,87.233,88.251,949085
2017-04-07,88.338,88.885,87.024,87.998,800148
2017-04-10,87.703,89.477,87.068,88.085,667285
2017-04-11,88.504,90.542,88.504,90.154,985838
2017-04-12,90.154,91.598,89.992,91.084,1504767
2017-04-13,91.471,93.716,90.967,93.248,1284415
2017-04-18,93.586,95.153,93.548,94.438,1519550
2017-04-19,94.858,95.153,94.306,94.438,1126378
2017-04-20,94.007,95.582,94.007,94.858,911155
2017-04-21,94.944,96.21,94.944,95.782,1095164
2017-04-24,95.877,100.11,95.877,99.93,1189082
2017-04-25,100.2,101.63,99.61,101.63,1347373
2017-04-26,101.63,104.05,100.44,102.95,1836826
2017-04-27,102.22,102.4,98.075,98.151,1501868
2017-04-28,99.103,99.427,97.78,98.246,897563
2017-05-02,97.78,100.4,97.78,98.798,1260202
2017-05-04,98.798,101.98,98.703,99.73,1249011
2017-05-05,98.246,100.61,97.904,100.35,937576
2017-05-08,101,102.52,99.61,101.81,740399
2017-05-09,102.48,102.52,99.52,100.28,1078493
2017-05-10,99.77,100.35,99.103,99.89,1046120
2017-05-11,99.82,100.75,95.667,96.134,1590938
2017-05-12,97.104,97.523,95.782,96.552,679071
2017-05-15,97.999,98.075,96.305,98.075,625724
2017-05-16,97.828,97.828,92.058,93.923,2161169
2017-05-17,92.572,93.501,90.109,90.154,1475466
2017-05-18,89.774,92.915,89.181,92.915,1590117
2017-05-19,93.164,94.007,90.325,93.211,1316049
2017-05-22,94.007,94.982,91.598,93.923,1099896
2017-05-23,93.416,93.464,89.821,89.821,1322208
2017-05-24,89.774,90.542,88.547,89.695,1441736
2017-05-25,90.073,92.528,89.992,91.896,1204164
2017-05-26,91.896,91.896,89.017,89.017,1079143
2017-05-29,89.355,90.407,89.181,89.695,392441
2017-05-30,89.695,91.769,88.381,91.382,880417
2017-05-31,91.471,92.572,89.902,89.902,4176433
2017-06-01,89.774,90.497,88.164,88.589,898974
2017-06-02,89.355,90.623,88.633,89.564,754113
2017-06-05,89.564,89.695,87.407,88.547,506301
2017-06-06,88.547,92.312,87.998,91.471,1000799
2017-06-07,92.238,94.56,91.977,92.781,1665576
2017-06-08,93.586,95.534,92.058,94.475,1443012
2017-06-09,94.475,95.915,93.801,94.222,739418
2017-06-12,94.512,95.41,93.333,94.007,1044429
2017-06-13,94.053,94.69,92.238,93.885,890097
2017-06-14,93.848,96.134,93.754,96.096,1202073
2017-06-16,94.896,97.019,94.007,96.762,2285085
2017-06-19,97.39,99.73,96.638,98.618,727269
2017-06-20,99.77,100.57,99.217,100.28,1410810
2017-06-21,99.055,102.22,97.618,102.18,1265823
2017-06-22,100.8,101.59,98.703,99.85,1202649
2017-06-23,99.427,101.04,99.265,99.73,1617334
2017-06-26,100.84,101.51,99.103,99.103,610029
2017-06-27,98.246,99.055,95.191,96.134,1236514
2017-06-28,96.134,96.381,94.56,94.69,533643
2017-06-29,95.486,97.39,95.23,97.39,969314
2017-06-30,96.895,97.371,94.773,94.773,889547
2017-07-03,95.372,95.372,93.333,94.306,396223
2017-07-04,94.007,94.391,92.781,93.464,575186
2017-07-05,94.007,95.915,93.801,95.915,627937
2017-07-06,96.21,96.21,92.825,94.007,816356
2017-07-07,94.007,95.03,93.333,93.716,575924
2017-07-10,94.512,95.534,93.67,94.438,551233
2017-07-11,94.858,95.667,93.379,93.379,596881
2017-07-12,93.164,96.505,93.164,95.629,763004
2017-07-13,96.657,97.323,95.439,97.323,709284
2017-07-14,97.009,98.494,95.791,98.323,579638
2017-07-17,98.751,99.322,96.847,97.799,677457
2017-07-18,98.323,99.017,96.629,97.399,663466
2017-07-19,97.704,98.104,95.877,96.581,927101
2017-07-20,96.314,97.371,95.144,95.629,1038528
2017-07-21,95.268,95.877,92.401,92.528,1214196
2017-07-24,93.267,93.267,90.921,92.139,1275170
2017-07-25,92.356,92.88,91.011,92.274,1334988
2017-07-26,92.23,95.058,91.445,94.138,666979
2017-07-27,94.662,94.706,91.49,91.751,521297
2017-07-28,91.445,92.834,91.445,92.708,413059
2017-07-31,92.663,94.744,92.23,92.528,1068718
2017-08-01,92.969,93.492,92.049,93.492,629087
2017-08-02,93.885,94.101,92.356,92.708,388618
2017-08-03,93.14,93.492,92.049,92.753,637398
2017-08-04,93.051,93.707,92.094,92.356,348001
2017-08-07,92.401,93.096,91.49,91.788,453211
2017-08-08,91.833,93.969,91.662,93.969,687914
2017-08-09,93.969,94.053,92.617,93.791,579571
2017-08-10,93.398,93.791,92.663,93.096,617309
2017-08-11,92.617,93.096,92.23,92.446,545179
2017-08-14,92.834,93.445,91.662,92.788,339141
2017-08-16,92.834,95.22,92.708,93.745,747773
2017-08-17,93.623,94.447,91.878,91.878,584382
2017-08-18,91.662,94.447,91.662,94.269,480404
2017-08-21,93.969,95.011,93.36,93.969,703376
2017-08-22,93.623,94.4,93.096,93.707,587388
2017-08-23,93.745,94.925,93.398,94.662,652511
2017-08-24,94.963,99.62,94.963,99.227,2564182
2017-08-25,100.06,101.71,100.02,100.28,964552
2017-08-28,100.1,105.15,100.1,104.28,1089026
2017-08-29,103.76,105.15,100.54,102.59,1265392
2017-08-30,102.98,104.4,102.45,103.27,740997
2017-08-31,103.1,104.06,102.09,102.59,644136
2017-09-01,102.19,103.93,102.02,103.36,587352
2017-09-04,102.54,102.54,101.36,101.98,398625
2017-09-05,101.98,104.19,101.8,101.8,437964
2017-09-06,101.8,103.2,101.8,103.2,1085821
2017-09-07,103.1,104.37,102.06,103.36,770213
2017-09-08,103.23,104.19,102.76,103.98,577224
2017-09-11,104.4,110.03,104.06,109.62,1146698
2017-09-12,109.62,109.89,108.72,109.84,979315
2017-09-13,110.07,112.15,108.33,108.45,988316
2017-09-14,109.02,110.03,108.76,109.62,501857
2017-09-15,109.62,111.06,108.93,109.98,1841545
2017-09-18,110.29,110.89,109.67,110.55,463656
2017-09-19,108.97,110.41,108.89,108.93,582369
2017-09-20,109.24,110.31,109.02,109.81,459134
2017-09-21,109.84,110.24,104.62,104.71,994658
2017-09-22,103.98,105.37,102.27,104.67,1274616
2017-09-25,104.67,106.33,103.54,104.54,384178
2017-09-26,104.54,107.93,104.28,106.23,1007256
2017-09-27,106.8,107.19,105.45,106.71,543808
2017-09-28,106.75,107.28,104.89,105.71,705221
2017-09-29,105.71,107.11,104.67,105.89,562841
2017-10-02,106.23,109.46,106.23,109.06,569201
2017-10-03,109.29,111.68,109.1,109.46,645686
2017-10-04,109.62,110.84,108.02,108.5,389074
2017-10-05,108.5,111.03,107.76,110.5,433136
2017-10-06,110.31,114.64,110.29,114.42,1172118
2017-10-09,114.84,115.11,112.67,113.98,740483
2017-10-10,114.84,115.63,113.8,115.63,782956
2017-10-11,115.89,116.85,115.03,116.59,1185718
2017-10-12,116.99,116.99,113.25,113.8,712335
2017-10-13,113.72,114.84,113.46,114.84,477435
2017-10-16,114.94,115.2,112.1,113.98,679007
2017-10-17,114.24,114.68,113.06,113.54,907387
2017-10-18,113.98,115.03,113.02,113.1,1203981
2017-10-19,108.67,109.06,105.1,105.1,1585370
2017-10-20,106.5,107.07,103.98,105.89,892349
2017-10-23,106.33,108.5,106.18,107.63,847109
2017-10-24,107.63,107.76,105.93,107.28,873870
2017-10-25,107.4,109.54,107.28,108.85,800353
2017-10-26,109.1,110.55,109.06,110.41,597484
2017-10-27,110.93,113.63,110.76,112.8,644283
2017-10-30,112.94,115.06,112.85,114.15,497396
2017-10-31,113.72,113.94,111.5,111.98,759589
2017-11-02,111.8,114.24,111.8,112.32,927929
2017-11-03,112.42,112.99,110.76,111.98,539434
2017-11-06,112.5,113.02,109.02,109.62,710781
2017-11-07,109.62,111.29,107.63,107.93,1219368
2017-11-08,108.54,108.76,106.07,107.24,735179
2017-11-09,107.45,109.89,106.67,106.67,823127
2017-11-10,106.97,109.1,106.63,107.72,625968
2017-11-13,107.88,108.67,106.23,107.63,621043
2017-11-14,108.58,110.58,108.5,110.58,640086
2017-11-15,109.62,109.81,105.01,106.15,593662
2017-11-16,106.75,107.32,100.81,100.88,1403100
2017-11-17,100.84,104.89,100.71,104.89,548183
2017-11-20,104.37,106.1,103.23,105.62,628701
2017-11-21,106.02,106.45,104.71,104.94,485433
2017-11-22,105.23,105.62,102.93,104.45,634603
2017-11-23,103.54,106.8,103.54,106.58,358255
2017-11-24,106.18,107.32,103.4,103.67,384904
2017-11-27,103.98,107.76,103.54,106.58,646095
2017-11-28,106.8,107.28,103.15,105.8,587655
2017-11-29,106.15,107.02,100.28,100.92,645143
2017-11-30,101.28,101.28,96.143,96.4,1729652
2017-12-01,97.447,97.97,92.834,92.834,1339433
2017-12-04,93.398,96.847,91.309,93.885,899623
2017-12-05,93.969,97.228,93.096,96.486,628686
2017-12-06,96.486,99.141,94.484,99.141,1253616
2017-12-07,98.875,99.322,95.705,97.181,1047948
2017-12-08,98.018,98.618,96.058,96.629,407877
2017-12-11,96.886,97.142,89.095,89.095,1165025
2017-12-12,88.311,91.354,87.224,91.309,1497324
2017-12-13,91.354,93.314,90.271,91.535,726101
2017-12-14,91.309,92.924,90.921,92.446,655027
2017-12-15,91.4,93.707,90.615,92.401,1692275
2017-12-18,92.788,94.4,92.185,94.316,591675
2017-12-19,94.4,96.01,94.101,94.887,538696
2017-12-20,95.268,95.705,92.969,93.707,399709
2017-12-21,94.185,96.581,94.138,96.438,510955
2017-12-22,96.438,97.371,96.143,96.705,225119
2017-12-27,97.009,98.875,96.657,98.323,326285
2017-12-28,97.885,98.323,95.182,95.182,474806
2017-12-29,95.363,95.962,92.23,92.23,593125
2018-01-03,92.924,94.484,90.705,91.788,1044355
2018-01-04,93.006,94.447,92.139,93.096,1083900
2018-01-05,92.663,92.788,91.616,92.788,1157703
2018-01-08,93.445,96.229,92.834,96.058,618009
2018-01-09,96.486,96.752,92.788,93.096,944828
2018-01-10,93.314,93.529,91.535,92.274,616253
2018-01-11,93.096,93.791,91.662,93.14,903799
2018-01-12,93.529,94.578,92.528,93.529,819864
2018-01-15,92.663,93.66,92.274,92.834,363379
2018-01-16,92.834,95.401,92.23,95.182,1072830
2018-01-17,95.144,96.486,94.269,95.667,929122
2018-01-18,95.877,96.143,94.447,94.624,719466
2018-01-19,95.182,95.439,93.492,94.662,921929
2018-01-22,93.445,97.847,93.398,97.447,984993
2018-01-23,98.056,99.36,96.276,98.323,1091338
2018-01-24,98.399,98.399,96.362,96.847,602616
2018-01-25,95.705,95.705,91.571,91.751,1740520
2018-01-26,92.753,95.315,92.013,95.22,1099953
2018-01-29,94.839,95.268,94.138,95.144,642117
2018-01-30,94.4,95.22,92.88,93.838,1002493
2018-01-31,93.529,95.22,92.446,94.4,640574
2018-02-01,95.058,95.182,91.751,93.885,675481
2018-02-02,91.922,92.969,89.748,89.748,1893313
2018-02-05,89.617,91.183,87.312,91.183,1322298
2018-02-06,86.485,89.443,83.682,86.137,2714558
2018-02-07,88.225,88.485,85.858,87.615,1576261
2018-02-08,87.398,87.398,82.499,82.673,1818919
2018-02-09,82.257,84.291,81.16,81.351,1665217
2018-02-12,82.638,83.822,82.238,82.691,692102
2018-02-13,83.005,83.961,83.005,83.822,885583
2018-02-14,84.309,85.022,83.682,84.535,999622
2018-02-15,84.535,85.162,82.029,82.029,935303
2018-02-16,83.057,83.057,81.542,81.961,684246
2018-02-19,81.873,83.005,81.213,81.768,333326
2018-02-20,81.786,83.265,81.108,83.091,350241
2018-02-21,83.247,83.247,81.194,83.091,746481
2018-02-22,82.257,82.257,79.611,81.108,1235426
2018-02-23,81.42,82.709,80.69,80.917,1031926
2018-02-26,81.961,83.231,81.403,81.699,595358
2018-02-27,82.029,89.051,80.238,85.963,3349354
2018-02-28,85.927,86.137,83.754,83.979,1568820
2018-03-01,83.926,85.215,83.091,83.405,1469029
2018-03-02,83.005,84.17,81.89,82.83,618960
2018-03-05,80.498,82.83,79.715,80.586,1397847
2018-03-06,81.265,82.22,80.238,81.786,790539
2018-03-07,80.672,81.683,79.663,81.683,1168537
2018-03-08,81.786,81.786,79.698,80.047,789006
2018-03-09,80.132,81.786,78.567,81.786,871092
2018-03-12,82.657,83.874,81.821,83.317,571418
2018-03-13,83.526,83.979,81.961,82.413,858662
2018-03-14,81.821,82.169,79.853,79.853,1098034
2018-03-15,80.132,80.516,79.089,79.35,1012686
2018-03-16,79.194,79.646,76.792,76.949,3304948
2018-03-19,76.949,78.219,76.304,76.304,389445
2018-03-20,76.078,76.636,74.478,75.034,1060705
2018-03-21,74.948,79.332,74.948,78.898,1826516
2018-03-22,78.323,78.619,76.705,76.879,686843
2018-03-23,75.696,75.974,74.252,74.826,1464102
2018-03-26,75.122,76.045,74.564,75.696,532044
2018-03-27,75.696,77.088,75.017,75.017,495308
2018-03-28,74.634,74.79,72.181,72.736,1021627
2018-03-29,73.573,73.852,72.493,73.189,912562
2018-04-03,73.311,77.245,73.172,76.096,1331223
2018-04-04,76.045,76.479,74.686,74.686,905773
2018-04-05,75.696,78.828,75.696,77.888,926119
2018-04-06,77.888,81.143,77.487,80.724,885723
2018-04-09,80.724,81.768,77.888,78.619,1059689
2018-04-10,81.176,81.176,76.966,77.47,1271314
2018-04-11,77.262,78.306,76.304,77.802,1211478
2018-04-12,77.766,79.438,77.627,79.438,625995
2018-04-13,79.524,80.22,79.176,79.176,473337
2018-04-16,79.853,80.047,78.724,79.577,327884
2018-04-17,79.454,79.751,76.13,76.531,1095332
2018-04-18,76.565,76.966,75.783,76.966,948478
2018-04-19,76.653,77.923,76.653,77.47,673281
2018-04-20,77.645,79.089,76.479,76.479,743533
2018-04-23,76.758,77.871,76.462,77.384,391370
2018-04-24,77.313,77.819,75.887,75.887,997734
2018-04-25,75.887,76.252,74.564,75.435,657121
2018-04-26,75.174,78.271,74.442,78.271,452562
2018-04-27,78.306,78.828,77.61,78.183,402221
2018-04-30,78.48,79.646,77.453,78.045,342529
2018-05-02,78.236,78.236,75.939,75.939,808801
2018-05-04,75.001,75.522,72.389,72.894,1220075
2018-05-07,74.148,74.164,70.91,70.91,464273
2018-05-08,70.91,71.955,70.91,71.607,1315607
2018-05-09,71.607,75.435,71.119,75.26,1026148
2018-05-10,75.26,75.278,71.38,73.868,1271710
2018-05-11,74.164,75.522,73.573,75.26,606985
2018-05-14,75.26,76.34,74.077,76.045,327628
2018-05-15,75.8,76.13,74.095,74.164,667990
2018-05-16,74.442,75.225,73.051,73.346,668297
2018-05-17,73.015,76.443,72.756,75.191,826477
2018-05-18,75.296,75.435,72.563,73.085,464363
2018-05-21,73.259,75.001,72.736,75.001,705964
2018-05-22,74.826,74.826,72.424,72.424,892466
2018-05-23,72.215,72.963,71.154,71.937,602410
2018-05-24,72.302,74.338,72.302,73.642,652258
2018-05-25,74.181,74.756,72.441,73.242,692433
2018-05-28,74.13,74.616,73.242,74.616,257325
2018-05-29,73.974,74.042,71.258,71.328,1110787
2018-05-30,71.137,72.198,70.267,70.91,2754209
2018-06-01,70.91,71.641,69.918,71.328,582546
2018-06-04,71.937,73.259,71.537,72.46,491081
2018-06-05,73.52,75.487,73.12,75.487,1082368
2018-06-06,75.504,78.741,75.122,77.001,2068570
2018-06-07,78.306,78.689,75.609,76.13,877017
2018-06-08,75.696,76.443,74.826,76.008,911368
2018-06-11,76.113,76.479,74.077,74.077,602447
2018-06-12,74.234,75.783,73.346,75.696,590731
2018-06-13,75.696,75.696,73.868,74.652,742313
2018-06-14,74.216,74.686,73.433,74.234,720974
2018-06-15,74.321,74.478,72.841,73.242,2072718
2018-06-18,73.433,74.564,70.997,71.345,523279
2018-06-19,70.474,71.623,69.779,70.267,1075055
2018-06-20,71.015,72.529,71.015,71.607,628670
2018-06-21,71.903,73.382,70.928,72.215,1116575
2018-06-22,72.477,73.225,71.485,72.041,1141069
2018-06-25,71.518,72.877,71.363,71.781,354615
2018-06-26,71.607,73.763,71.59,72.772,593059
2018-06-27,72.477,72.825,70.754,71.607,556596
2018-06-28,71.345,73.346,70.648,71.781,803968
2018-06-29,72.825,73.259,72.215,73.137,700362
2018-07-02,72.077,72.46,71.171,71.171,309186
2018-07-03,71.415,73.085,71.415,73.068,403687
2018-07-04,72.477,75.922,72.389,75.922,471179
2018-07-05,75.609,76.287,73.085,73.085,600923
2018-07-06,73.364,74.53,72.789,73.781,630534
2018-07-09,74.774,74.774,71.955,72.493,381318
2018-07-10,72.911,73.816,72.111,73.364,505641
2018-07-11,73.259,73.259,71.781,71.781,472022
2018-07-12,72.111,72.215,70.458,70.648,621629
2018-07-13,71.485,71.518,70.474,71.328,450182
2018-07-16,71.345,71.797,70.58,70.58,316396
2018-07-17,71.171,73.085,70.51,72.981,737923
2018-07-18,73.085,73.467,72.581,73.137,611126
2018-07-19,73.264,75.52,73.173,75.52,989051
2018-07-20,76.061,79.345,75.52,78.497,2149269
2018-07-23,78.695,81.655,78.155,80.843,865074
2018-07-24,80.861,82.648,80.05,81.817,814239
2018-07-25,81.836,84.271,79.725,83.82,842525
2018-07-26,83.911,85.733,83.46,85.247,1023003
2018-07-27,85.679,85.679,83.784,84.146,431267
2018-07-30,84.2,86.112,83.82,86.041,581392
2018-07-31,85.986,85.986,83.423,83.585,848786
2018-08-01,83.911,84.327,82.829,83.965,558291
2018-08-02,83.965,84.217,82.575,82.774,651132
2018-08-03,82.936,84.795,82.936,84.615,477650
2018-08-06,84.505,84.615,83.081,84.181,317729
2018-08-07,84.327,84.632,83.063,83.983,444479
2018-08-08,84.073,84.327,83.55,84.073,497533
2018-08-09,83.929,85.156,83.441,85.156,428635
2018-08-10,84.001,84.723,82.648,83.008,1085576
2018-08-13,83.008,87.05,81.583,86.004,1683686
2018-08-14,86.617,88.747,86.311,88.241,1040371
2018-08-16,87.52,88.855,86.13,88.512,1437724
2018-08-17,88.603,88.729,85.535,86.365,851578
2018-08-20,86.599,89.288,86.527,88.061,656110
2018-08-21,88.405,88.405,87.05,87.646,686955
2018-08-22,87.646,89.504,87.285,88.603,927510
2018-08-23,88.548,89.559,87.212,87.212,840640
2018-08-24,87.159,88.891,86.346,88.855,527072
2018-08-27,88.873,90.136,88.873,89.504,545021
2018-08-28,89.504,91.129,87.827,90.226,799807
2018-08-29,90.208,91.896,89.161,90.814,745549
2018-08-30,91.039,91.625,88.008,89.053,1117855
2018-08-31,88.152,89.866,87.068,88.639,910683
2018-09-03,88.873,90.858,88.548,89.866,441962
2018-09-04,90.226,91.129,88.331,88.53,628139
2018-09-05,88.603,92.843,87.7,92.032,1184110
2018-09-06,91.94,92.391,89.992,91.265,1188067
2018-09-07,91.265,93.473,90.769,92.347,863598
2018-09-10,92.933,93.651,90.677,91.805,495295
2018-09-11,92.211,94.606,91.851,94.606,1338906
2018-09-12,94.606,95.601,92.528,94.063,1721590
2018-09-13,94.735,96.096,92.391,93.296,1012348
2018-09-14,93.969,93.969,89.703,89.703,711706
2018-09-17,89.504,91.4,89.144,90.633,1170972
2018-09-18,90.677,91.76,90.065,90.317,941860
2018-09-19,91.219,91.265,87.52,88.873,1662873
2018-09-20,89.325,89.631,87.068,87.52,1432045
2018-09-21,88.368,89.576,86.798,88.097,8125723
2018-09-24,88.115,91.4,88.115,90.814,1028615
2018-09-25,90.948,94.606,90.362,90.362,1283247
2018-09-26,90.497,90.814,87.827,90.362,1020439
2018-09-27,90.407,92.391,89.595,92.166,1153656
2018-09-28,91.129,92.528,89.469,91.129,889211
2018-10-01,91.94,93.651,91.535,92.663,752361
2018-10-02,91.219,92.121,88.729,89.288,1125278
2018-10-03,89.775,90.362,88.44,89.036,348279
2018-10-04,88.873,90.119,88.079,89.576,898544
2018-10-05,89.956,89.956,87.43,87.809,1130367
2018-10-08,87.971,88.241,83.73,86.13,908045
2018-10-09,85.86,88.278,85.715,88.278,1174440
2018-10-10,88.278,88.278,84.578,85.282,958290
2018-10-11,83.82,85.787,82.648,84.47,1335686
2018-10-12,85.535,87.339,84.704,86.889,1363895
2018-10-15,86.889,86.996,85.083,86.148,402186
2018-10-16,86.437,88.097,85.264,88.097,592395
2018-10-17,88.819,88.837,85.101,85.842,647196
2018-10-18,86.112,86.383,83.369,84.813,865438
2018-10-19,84.958,85.247,83.46,84.669,643357
2018-10-22,84.704,85.21,83.55,84.289,684485
2018-10-23,83.46,84.181,82.106,82.106,796335
2018-10-24,82.521,83.423,81.745,82.557,903067
2018-10-25,81.385,81.962,79.399,79.688,1359285
2018-10-26,79.688,80.068,76.422,76.548,1105510
2018-10-29,76.927,80.05,76.566,80.05,1162490
2018-10-30,79.778,81.998,79.453,81.998,1700675
2018-10-31,82.197,83.749,82.142,83.225,1259272
2018-11-02,84.271,85.048,83.622,84.362,1143373
2018-11-05,84.362,87.05,83.983,86.78,634436
2018-11-06,87.177,88.224,85.733,87.068,1022471
2018-11-07,86.257,88.152,86.257,88.079,797176
2018-11-08,88.152,88.152,84.362,84.813,1388476
2018-11-09,84.65,87.52,83.514,87.014,1039457
2018-11-13,87.719,88.278,85.824,86.275,946687
2018-11-14,85.751,89.685,85.751,88.241,980032
2018-11-15,89.306,89.703,87.663,88.079,557219
2018-11-16,88.079,89.541,87.088,89.325,944038
2018-11-19,89.595,91.851,88.512,91.851,1112654
2018-11-20,91.129,91.94,89.685,91.219,1023413
2018-11-21,91.354,93.791,91.219,92.436,1369979
2018-11-22,92.032,94.782,90.677,94.382,678369
2018-11-23,93.885,95.182,91.67,92.166,648912
2018-11-26,92.211,93.745,90.814,91.309,564511
2018-11-27,91.625,95.372,90.226,95.372,1495831
2018-11-28,95.058,99.7,94.963,99.16,1125598
2018-11-29,99.7,102.22,99.341,101.82,1406797
2018-11-30,101.73,101.73,98.532,99.341,2080650
2018-12-03,100.15,101.37,96.771,98.437,1343610
2018-12-04,97.361,98.618,96.448,98.256,1212312
2018-12-05,96.543,99.87,96.229,99.7,536494
2018-12-06,97.894,98.798,96.819,96.99,703350
2018-12-07,97.314,98.656,95.458,96.4,500299
2018-12-10,95.905,97.856,94.963,94.963,613265
2018-12-11,95.82,96.771,93.473,95.639,893896
2018-12-12,96.362,100.25,95.553,100.15,1450932
2018-12-13,100.15,103.18,99.16,102.41,1489023
2018-12-14,101.05,102.45,99.87,100.84,658754
2018-12-17,100.2,100.64,96.819,96.819,725809
2018-12-18,96.99,98.161,95.458,96.229,1360737
2018-12-19,96.543,98.751,95.686,97.58,1101229
2018-12-20,96.771,99.198,96.229,97.171,981482
2018-12-21,96.99,97.99,91.58,93.923,1963631
2018-12-27,95.277,97.123,94.382,95.905,507813
2018-12-28,95.686,97.856,95.639,97.58,564987
2019-01-02,97.58,97.58,94.735,95.772,650108
2019-01-03,96.096,96.362,91.76,91.805,983456
2019-01-04,92.933,93.745,91.896,93.52,766609
2019-01-07,94.465,96.99,94.287,96.99,901267
2019-01-08,96.99,98.703,96,97.894,802537
2019-01-09,98.532,98.618,97.038,98.256,726245
2019-01-10,97.447,98.656,95.277,98.351,1634485
2019-01-11,98.884,101.68,98.884,99.62,1954078
2019-01-14,98.703,100.06,97.533,99.246,842523
2019-01-15,100.25,100.96,98.884,100.25,743112
2019-01-16,100.42,101.23,99.474,101.05,819271
2019-01-17,100.69,100.84,98.979,99.474,787776
2019-01-18,100.34,100.96,99.57,100.74,714117
2019-01-21,100.96,100.96,98.798,99.62,440198
2019-01-22,99.427,101.23,99.074,100.2,1018275
2019-01-23,99.92,102.72,99.474,102.63,781183
2019-01-24,101.96,102.45,96.99,97.399,1650549
2019-01-25,97.894,98.075,96.543,97.123,1830956
2019-01-28,97.485,97.618,93.745,94.877,1590430
2019-01-29,95.011,96.4,94.063,95.506,1101133
2019-01-30,95.686,96.134,93.114,94.735,904356
2019-01-31,95.182,96.362,94.016,94.465,1024429
2019-02-01,94.512,95.41,94.016,94.735,503269
2019-02-04,94.83,95.553,92.753,93.651,682543
2019-02-05,92.933,94.643,92.933,94.287,661029
2019-02-06,94.194,95.867,94.147,95.82,763969
2019-02-07,95.506,95.82,92.572,94.287,698828
2019-02-08,93.567,94.241,92.933,93.201,618281
2019-02-11,93.114,95.734,92.753,92.753,697140
2019-02-12,92.979,94.83,92.979,94.147,448022
2019-02-13,94.512,94.735,91.67,92.121,682061
2019-02-14,92.933,94.016,92.347,93.791,982812
2019-02-15,93.114,94.56,92.708,93.248,748321
2019-02-18,93.023,93.52,91.76,91.851,460147
2019-02-19,92.032,92.753,91.039,91.039,772029
2019-02-20,91.851,94.735,91.625,94.735,713527
2019-02-21,94.287,95.058,92.979,94.419,754242
2019-02-22,93.885,96.229,93.885,95.277,718980
2019-02-25,95.458,96.362,94.241,95.82,568701
2019-02-26,95.277,95.953,94.465,95.553,655321
2019-02-27,95.277,95.734,92.572,92.708,644683
2019-02-28,93.201,93.698,91.265,91.94,1195050
2019-03-01,92.483,92.843,90.858,90.858,586243
2019-03-04,91.4,93.389,89.992,91.58,807725
2019-03-05,91.309,92.888,91.309,91.49,401500
2019-03-06,91.67,92.933,91.129,92.933,484786
2019-03-07,92.528,93.52,91.851,92.166,527507
2019-03-08,91.805,93.342,90.858,92.933,591301
2019-03-11,93.296,93.698,92.121,92.663,718909
2019-03-12,93.567,93.698,91.896,92.391,883108
2019-03-13,91.986,92.391,91.4,91.94,769542
2019-03-14,92.391,92.572,91.58,91.896,445449
2019-03-15,92.483,94.241,91.805,92.076,2611499
2019-03-18,92.843,93.342,91.4,91.4,499797
2019-03-19,91.896,92.483,91.535,92.032,416194
2019-03-20,91.58,91.986,89.956,91.129,676185
2019-03-21,91.535,91.535,90.191,91.354,563010
2019-03-22,91.265,91.851,90.226,90.226,672908
2019-03-25,89.775,90.362,88.512,88.603,554964
2019-03-26,88.963,89.65,88.512,89.433,458273
2019-03-27,90.01,90.01,87.52,88.621,596160
2019-03-28,88.548,88.963,88.313,88.837,617091
2019-03-29,89.234,89.595,88.061,88.097,839350
2019-04-01,89.234,90.362,88.115,90.172,533455
2019-04-02,90.452,91.354,89.325,89.757,542582
2019-04-03,90.814,93.885,90.136,93.426,723824
2019-04-04,93.201,93.651,91.4,91.4,760250
2019-04-05,91.625,93.155,88.584,88.584,668385
2019-04-08,89.053,89.956,88.44,89.541,730145
2019-04-09,89.595,91.129,89.161,90.407,899903
2019-04-10,90.722,92.166,90.317,92.076,649074
2019-04-11,91.76,92.076,90.497,90.677,717823
2019-04-12,90.993,91.94,90.588,91.76,432691
2019-04-15,91.445,91.445,90.065,90.677,689585
2019-04-16,90.903,91.67,90.407,91.67,732587
2019-04-17,91.715,93.389,91.4,92.843,672124
2019-04-18,92.302,92.617,91.084,91.265,587888
2019-04-23,91.49,92.483,91.4,91.67,408892
2019-04-24,91.67,91.986,90.948,91.445,784634
2019-04-25,90.948,91.309,88.693,90.948,896710
2019-04-26,90.677,90.769,88.963,89.523,640402
2019-04-29,90.046,90.407,88.693,89.722,482283
2019-04-30,89.757,89.902,88.313,88.35,905965
2019-05-02,88.783,89.325,87.916,88.278,454277
2019-05-06,87.52,87.953,86.51,87.358,806371
2019-05-07,87.862,87.862,84.217,84.217,697097
2019-05-08,84.128,84.451,81.655,82.395,1042725
2019-05-09,82.106,82.395,78.786,79.11,1122258
2019-05-10,79.85,80.5,78.552,79.202,727411
2019-05-13,79.273,80.32,77.739,78.894,653840
2019-05-14,79.76,81.15,78.281,78.713,940391
2019-05-15,79.363,79.363,77.595,78.858,773082
2019-05-16,79.219,82.846,78.281,81.637,1130029
2019-05-17,81.492,84.434,81.258,83.803,928230
2019-05-20,84.362,84.632,82.557,83.243,918784
2019-05-21,83.045,84.001,82.864,83.585,1152519
2019-05-22,83.46,84.327,82.756,82.756,967984
2019-05-23,82.486,82.486,80.139,80.229,833975
2019-05-24,80.392,81.745,79.598,81.331,767175
2019-05-27,81.908,82.737,81.24,82.088,278443
2019-05-28,82.557,86.852,82.34,84.488,2635300
2019-05-29,83.639,85.552,83.188,85.445,1767694
2019-05-30,85.336,86.599,85.174,85.679,772185
2019-05-31,84.813,87.43,83.911,87.321,1118205
2019-06-03,87.52,87.79,86.202,87.159,496079
2019-06-04,87.52,87.574,85.625,85.986,785783
2019-06-05,86.437,87.285,84.795,85.264,915310
2019-06-06,84.795,85.535,83.639,83.695,889745
2019-06-07,83.387,84.271,80.572,81.367,1126056
2019-06-10,82.016,82.829,81.402,82.413,1009703
2019-06-11,82.557,83.514,82.106,83.423,814715
2019-06-12,82.864,83.28,81.709,82.737,930982
2019-06-13,82.954,82.954,80.5,81.312,1038292
2019-06-14,81.293,81.312,78.497,80.519,1209160
2019-06-17,80.916,81.005,80.302,80.861,666003
2019-06-18,80.843,82.251,79.688,81.871,1367441
2019-06-19,82.106,82.197,80.753,80.824,561870
2019-06-21,80.843,81.799,79.688,79.904,2268329
2019-06-24,80.77,82.052,80.302,81.637,1098531
2019-06-25,81.528,81.943,80.519,81.095,656362
2019-06-26,81.204,81.547,80.302,80.843,730216
2019-06-27,80.662,81.98,80.662,81.312,824455
2019-06-28,81.655,81.727,80.482,81.186,369088
2019-07-01,81.871,82.99,81.439,81.637,489515
2019-07-02,82.088,82.287,79.958,81.69,1067475
2019-07-03,81.727,86.852,81.293,86.581,2113718
2019-07-04,86.617,88.313,86.239,86.889,1360218
2019-07-05,86.726,87.141,85.824,86.346,425624
2019-07-08,85.354,86.924,85.101,86.167,848513
2019-07-09,85.57,86.167,83.82,84.181,1003780
2019-07-10,84.47,86.167,84.073,84.686,1083042
2019-07-11,85.264,87.159,85.264,85.986,1278621
2019-07-12,86.617,88.008,85.535,87.827,890673
2019-07-15,87.52,89.252,86.184,86.924,946128
2019-07-16,87.231,88.566,86.346,87.159,566107
2019-07-17,86.78,87.068,86.22,86.617,1123696
2019-07-18,86.365,87.592,86.365,87.05,1031885
2019-07-19,90.908,94.792,90.814,92.537,2600376
2019-07-22,92.874,93.099,91.694,92.499,562458
2019-07-23,92.967,93.398,91.862,92.855,1214755
2019-07-24,93.118,93.857,92.611,93.857,907663
2019-07-25,93.904,94.606,92.724,92.874,652698
2019-07-26,92.874,93.398,92.032,92.499,451383
2019-07-29,92.331,92.93,90.496,90.496,379564
2019-07-30,90.421,91.601,90.103,90.103,439509
2019-07-31,90.103,93.342,90.103,91.151,830968
2019-08-01,90.833,94.045,90.515,91.75,816010
2019-08-02,90.927,92.649,90.478,90.702,529715
2019-08-05,90.346,91.057,89.092,89.934,951574
2019-08-06,90.814,90.833,87.313,87.987,1020930
2019-08-07,88.455,88.923,85.964,86.975,678353
2019-08-08,88.006,88.885,86.994,88.605,778168
2019-08-09,88.492,88.492,85.196,85.59,882444
2019-08-12,85.59,85.871,83.343,83.586,704468
2019-08-13,83.793,88.324,83.362,87.5,982631
2019-08-14,86.358,87.331,84.073,84.335,1070827
2019-08-16,85.665,86.938,82.426,82.875,889604
2019-08-19,84.335,85.609,83.044,84.373,425784
2019-08-20,84.13,84.354,82.669,83.624,814088
2019-08-21,83.324,85.628,83.324,84.111,502769
2019-08-22,84.261,84.935,83.418,83.793,439745
2019-08-23,84.205,85.291,82.688,84.111,674715
2019-08-26,83.324,84.691,81.92,84.13,599465
2019-08-27,84.186,84.486,80.422,82.968,2330395
2019-08-28,83.886,84.223,81.489,84.223,867247
2019-08-29,83.849,85.984,83.1,83.324,644410
2019-08-30,83.624,85.647,83.249,84.86,850832
2019-09-02,85.403,86.339,84.747,85.665,377356
2019-09-03,85.196,85.196,82.482,83.063,558465
2019-09-04,83.287,84.261,81.452,81.77,786392
2019-09-05,82.388,83.212,81.414,81.826,485094
2019-09-06,81.939,82.463,81.396,82.351,636649
2019-09-09,82.856,85.647,82.388,85.384,1461212
2019-09-10,85.478,88.699,84.916,88.473,1284700
2019-09-11,88.062,88.717,87.369,88.399,637419
2019-09-12,88.473,88.811,85.665,86.901,927757
2019-09-13,87.631,88.192,86.975,87.668,379717
2019-09-16,87.069,88.155,86.47,88.006,1586398
2019-09-17,88.006,89.129,84.729,85.852,1472188
2019-09-18,86.358,87.762,86.339,87.612,904468
2019-09-19,86.713,88.773,86.713,88.567,709615
2019-09-20,88.043,90.627,87.987,90.627,2084289
2019-09-23,90.027,91.076,89.41,90.627,647132
2019-09-24,91.095,93.529,90.252,92.425,677562
2019-09-25,91.938,91.957,90.346,91.638,951880
2019-09-26,91.788,93.023,91.001,92.106,667036
2019-09-27,92.218,92.837,91.188,91.62,325519
2019-09-30,92.256,92.855,91.283,92.406,593944
2019-10-01,92.799,93.473,91.301,92.274,427725
2019-10-02,91.395,92.088,90.439,91.544,751997
2019-10-03,90.664,93.904,90.664,93.248,966786
2019-10-04,93.436,96.153,93.436,95.401,1047309
2019-10-07,95.496,95.496,93.763,94.372,400278
2019-10-08,94.278,96.01,93.95,96.01,651214
2019-10-09,96.248,96.857,95.03,96.429,537141
2019-10-10,96.248,96.295,94.138,95.448,421870
2019-10-11,95.172,95.962,94.231,95.172,361938
2019-10-14,95.448,95.448,94.325,94.653,910728
2019-10-15,95.353,95.401,94.091,94.934,504979
2019-10-16,94.56,96.571,94.419,95.544,529946
2019-10-17,96.248,96.334,94.606,96.01,353051
2019-10-18,95.686,98.161,95.258,97.837,677795
2019-10-21,97.647,100.36,97.085,99.57,1160318
2019-10-22,99.62,101.02,98.818,100.97,873588
2019-10-23,100.18,101.58,99.94,101.11,946638
2019-10-24,99.71,100.5,96.01,97.323,1085239
2019-10-25,96.99,97.742,96.153,96.295,524578
2019-10-28,96.762,99.331,96.762,98.865,487143
2019-10-29,98.865,99.8,98.113,99.71,819776
2019-10-30,99.331,99.71,98.028,99.427,480759
2019-10-31,99.99,99.99,96.524,97.742,868829
2019-11-04,98.865,101.44,97.98,101.44,774323
2019-11-05,101.06,102.09,100.41,102.09,599260
2019-11-06,101.02,102.05,100.18,100.64,476993
2019-11-07,101.4,101.72,98.589,99.103,677136
2019-11-08,98.627,99.57,98.208,98.77,767402
2019-11-12,99.055,99.151,94.419,95.544,1197952
2019-11-13,95.867,96.2,94.372,95.915,664901
2019-11-14,95.772,96.429,94.606,95.544,574889
2019-11-15,95.401,97.228,94.982,95.772,722315
2019-11-18,95.734,96.429,94.185,95.077,547740
2019-11-19,94.512,94.982,90.833,91.039,1181844
2019-11-20,90.814,90.983,87.145,90.627,1668807
2019-11-21,89.878,89.878,87.818,88.136,811090
2019-11-22,88.043,89.41,87.818,88.192,705074
2019-11-25,88.118,89.634,87.894,88.192,994870
2019-11-26,88.38,88.511,87.238,87.482,1827686
2019-11-27,87.65,88.043,86.377,87.069,707950
2019-11-28,87.069,87.294,86.17,86.47,372866
2019-11-29,86.47,86.975,86.301,86.975,546418
2019-12-02,87.65,87.65,84.447,85.647,983613
2019-12-03,85.215,85.552,83.512,83.568,694033
2019-12-04,84.186,85.14,82.238,82.856,652763
2019-12-05,82.875,83.717,81.602,82.051,817048
2019-12-06,74.805,78.288,72.652,76.883,3731569
2019-12-09,77.052,77.332,75.366,76.565,983961
2019-12-10,76.659,76.678,74.431,75.816,1314111
2019-12-11,76.171,77.332,75.573,76.378,754711
2019-12-12,76.771,78.643,76.265,78.606,1296009
2019-12-13,79.223,80.497,78.699,80.197,1222487
2019-12-16,80.328,80.328,78.288,78.325,823881
2019-12-17,78.362,79.504,77.95,79.149,1045598
2019-12-18,79.486,79.655,78.288,78.924,744618
2019-12-19,79.018,79.954,78.867,79.898,879561
2019-12-20,80.01,80.404,78.55,78.737,1911469
2019-12-23,78.906,80.179,78.887,79.711,535747
2019-12-27,80.029,80.984,80.029,80.46,382920
2019-12-30,80.497,80.89,79.804,80.347,462916
2020-01-02,80.984,81.714,80.235,81.414,688605
2020-01-03,80.984,81.114,79.392,80.253,778875
2020-01-07,80.404,80.497,76.92,77.052,1663814
2020-01-08,76.79,77.37,76.115,76.34,844704
2020-01-09,77.427,79.299,77.052,79.261,1305256
2020-01-10,79.579,80.085,79.13,79.991,685839
2020-01-13,80.497,80.928,79.991,80.816,1493335
2020-01-14,80.534,80.928,79.149,79.935,2532161
2020-01-15,79.598,80.197,79.261,79.655,2405076
2020-01-16,79.972,80.516,79.411,80.123,1125410
2020-01-17,79.579,81.077,79.579,80.74,753667
2020-01-20,80.291,80.74,80.253,80.272,509660
2020-01-21,80.179,80.703,79.448,79.523,874889
2020-01-22,80.253,80.516,79.579,79.579,692524
2020-01-23,79.486,81.246,79.486,80.029,1564035
2020-01-24,80.385,80.984,80.067,80.067,629197
2020-01-27,79.392,80.01,77.313,77.313,1034809
2020-01-28,77.707,77.913,76.003,76.415,1607022
2020-01-29,76.678,76.92,73.7,74.224,1672033
2020-01-30,71.154,73.007,70.03,71.154,2072317
2020-01-31,71.154,71.266,69.768,70.835,1782552
2020-02-03,70.666,70.779,67.24,68.344,2136001
2020-02-04,68.869,70.217,68.626,69.693,1140060
2020-02-05,69.749,71.94,69.187,71.734,1345266
2020-02-06,71.977,72.726,69.112,69.187,1026466
2020-02-07,69.187,69.993,68.158,69.993,848410
2020-02-10,69.412,69.524,67.446,67.933,1740484
2020-02-11,67.877,69.281,66.453,69.168,2552504
2020-02-12,69.281,69.993,68.644,69.693,1204801
2020-02-13,69.656,69.824,68.064,69.824,661525
2020-02-14,70.217,71.771,70.217,71.154,1486002
2020-02-17,71.884,72.184,70.704,70.966,393664
2020-02-18,70.217,71.584,70.03,70.686,1308292
2020-02-19,70.686,70.947,68.588,68.756,1725867
2020-02-20,68.813,69.019,67.877,68.232,1390437
2020-02-21,67.914,69.019,67.821,68.626,914946
2020-02-24,67.502,67.709,64.955,65.349,1096495
2020-02-25,65.349,65.798,63.944,63.963,1521600
2020-02-26,63.925,64.262,61.697,62.353,1621629
2020-02-27,61.941,62.371,55.893,57.016,1475448
2020-02-28,55.705,55.949,51.53,54.9,3246976
2020-03-02,57.578,58.233,55.762,56.698,2176465
2020-03-03,57.859,58.796,56.754,58.289,1926980
2020-03-04,58.047,58.047,55.275,55.275,1812016
2020-03-05,56.549,56.735,52.953,53.234,1861333
2020-03-06,52.672,52.897,50.107,50.874,1907097
2020-03-09,46.812,52.541,46.138,50.781,3340170
2020-03-10,52.298,52.691,47.804,48.141,2353160
2020-03-11,48.422,49.134,43.16,43.506,2263391
2020-03-12,41.625,43.01,39.321,40.67,2533680
2020-03-13,41.568,48.103,40.651,42.767,2945087
2020-03-16,42.776,46.156,39.949,44.939,3134143
2020-03-17,46.475,48.216,44.471,46.306,3078532
2020-03-18,46.812,48.122,44.003,44.818,2242742
2020-03-19,45.407,47.467,44.677,47.28,1984764
2020-03-20,49.339,50.257,48.385,49.227,3768139
2020-03-23,48.684,49.976,45.978,46.549,1473702
2020-03-24,49.152,49.246,46.493,46.905,1650967
2020-03-25,49.078,49.115,46.512,47.935,1433968
2020-03-26,47.467,49.527,46.905,49.527,1622502
2020-03-27,49.527,49.92,48.141,48.627,1812855
2020-03-30,49.021,49.939,47.485,49.134,1564230
2020-03-31,49.62,52.148,49.021,52.148,3006733
2020-04-01,50.557,52.372,49.62,52.036,2084978
2020-04-02,54.376,58.664,53.739,56.361,4444403
2020-04-03,57.11,59.769,55.781,56.979,8019397
2020-04-06,59.207,59.919,57.596,59.731,2546787
2020-04-07,60.668,63.588,60.668,60.761,2857806
2020-04-08,61.042,62.185,59.17,60.668,2316573
2020-04-09,61.697,62.334,59.17,60.724,2147405
2020-04-14,61.791,61.866,59.956,60.911,2677356
2020-04-15,61.417,61.417,57.971,58.047,1952406
2020-04-16,56.492,57.428,55.425,56.174,3460532
2020-04-17,57.578,57.84,56.324,57.335,2337897
2020-04-20,58.047,58.44,56.398,57.952,1837505
2020-04-21,57.298,57.298,54.488,55.237,1335596
2020-04-22,55.237,57.391,53.851,56.979,1677581
2020-04-23,57.578,57.859,56.623,57.54,1568819
2020-04-24,57.203,57.578,56.886,56.96,968737
2020-04-27,57.559,57.559,54.77,55.649,1184153
2020-04-28,55.818,57.391,54.526,56.661,1215198
2020-04-29,57.129,58.028,56.005,57.503,1813726
2020-04-30,58.028,59.357,57.765,58.384,2660948
2020-05-04,57.241,57.372,55.649,55.724,1443870
2020-05-05,55.986,57.26,55.986,56.642,1419804
2020-05-06,56.174,56.174,53.851,54.807,3708494
2020-05-07,54.975,57.335,54.114,56.979,1566476
2020-05-08,57.466,59.17,57.166,58.814,1417356
2020-05-11,58.814,59.657,58.14,58.908,960647
2020-05-12,58.982,60.855,58.72,60.424,1509756
2020-05-13,60.106,60.237,58.233,58.739,1216236
2020-05-14,58.458,58.739,56.061,57.466,1544030
2020-05-15,58.364,58.889,56.53,56.791,1028532
2020-05-18,57.672,60.48,57.578,60.35,1519160
2020-05-19,61.098,61.417,59.507,59.731,1451784
2020-05-20,59.357,60.761,59.02,60.443,1468161
2020-05-21,60.143,60.35,59.245,59.619,873098
2020-05-22,59.357,59.488,58.514,58.514,658966
2020-05-25,59.245,59.713,58.87,59.038,212537
2020-05-26,60.106,62.241,59.825,61.66,1343276
2020-05-27,62.072,65.067,61.791,62.297,1958894
2020-05-28,62.297,64.3,61.51,63.158,1326578
2020-05-29,62.727,62.896,61.098,62.503,2582913
2020-06-01,63.476,63.664,62.259,63.383,652011
2020-06-02,63.42,63.664,62.072,63.476,1732869
2020-06-03,63.664,65.106,63.495,64.375,1645390
2020-06-04,64.375,64.693,63.513,64.45,1277628
2020-06-05,64.544,68.719,64.488,68.045,2624772
2020-06-08,68.344,68.813,66.547,67.034,1741482
2020-06-09,66.94,67.202,64.674,65.087,1583036
2020-06-10,65.255,66.004,64.674,65.423,1638325
2020-06-12,62.727,63.532,60.387,62.129,1999755
2020-06-15,61.267,61.267,58.701,58.739,1753608
2020-06-16,60.031,62.971,60.031,62.259,1598937
2020-06-17,62.727,62.915,60.873,61.885,1726266
2020-06-18,61.885,62.596,60.668,61.697,1696293
2020-06-19,62.222,62.634,61.285,62.016,6588732
2020-06-22,62.072,62.072,60.855,60.967,840758
2020-06-23,61.604,63.064,61.585,62.147,1027017
2020-06-24,62.166,62.185,59.994,59.994,1088547
2020-06-25,59.919,61.192,58.758,60.499,1238365
2020-06-26,60.855,61.436,59.526,59.657,806300
2020-06-29,59.657,60.48,58.271,59.545,1103901
2020-06-30,59.731,59.994,58.196,58.626,1247363
2020-07-01,58.982,59.282,57.859,59.245,923910
2020-07-02,59.563,60.668,59.394,59.469,1358932
2020-07-03,59.825,59.843,58.552,59.394,473049
2020-07-06,60.574,60.743,58.982,59.919,1291324
2020-07-07,59.919,59.919,59.076,59.282,828400
2020-07-08,59.133,59.189,57.316,57.821,1947146
2020-07-09,58.047,58.215,56.979,57.298,1239487
2020-07-10,57.11,57.522,56.174,57.503,911538
2020-07-13,58.455,59.102,58.055,58.417,693861
2020-07-14,58.988,60.986,55.676,55.676,3333192
2020-07-15,56.59,56.59,54.591,54.743,3700929
2020-07-16,54.629,56.761,54.001,56.513,1730226
2020-07-17,56.875,57.084,55.428,56.437,791530
2020-07-20,56.38,56.951,55.333,56.323,938089
2020-07-21,56.647,57.77,56.076,56.856,1034885
2020-07-22,56.913,57.103,55.942,55.942,671039
2020-07-23,56.437,56.532,54.819,54.838,811910
2020-07-24,54.629,55.029,53.906,55.029,841622
2020-07-27,55.029,55.086,53.906,54.191,722019
2020-07-28,54.667,56.114,54.248,54.553,858813
2020-07-29,54.553,54.591,53.106,53.506,764170
2020-07-30,53.392,53.43,50.327,50.441,1029792
2020-07-31,50.632,51.869,49.756,50.708,1129789
2020-08-03,50.955,51.222,49.908,50.46,744006
2020-08-04,50.917,51.108,50.156,50.803,1143474
2020-08-05,51.393,52.897,50.822,51.469,1115476
2020-08-06,51.469,51.888,49.033,49.832,1301836
2020-08-07,49.927,51.146,49.908,51.05,824158
2020-08-10,51.393,51.488,50.175,50.632,595930
2020-08-11,50.974,52.135,50.46,51.869,1165027
2020-08-12,52.059,53.468,51.679,52.783,1270108
2020-08-13,52.935,54.934,52.726,53.011,1365700
2020-08-14,53.163,53.582,52.116,52.897,661475
2020-08-17,52.821,53.849,52.44,53.849,954393
2020-08-18,53.868,53.868,51.012,51.031,1444766
2020-08-19,51.203,51.203,50.042,50.042,1104172
2020-08-20,50.042,52.135,49.775,51.089,841473
2020-08-21,51.545,51.641,50.251,50.46,660779
2020-08-24,50.86,51.203,50.08,50.613,763306
2020-08-25,51.108,52.516,50.955,51.108,1321952
2020-08-26,51.012,52.307,50.765,51.66,1122721
2020-08-27,51.888,51.945,50.651,51.298,586436
2020-08-28,51.031,51.279,49.699,49.889,1246788
2020-08-31,50.156,50.822,48.195,48.195,2102547
2020-09-01,48.405,48.976,47.11,47.891,1137513
2020-09-02,48.31,48.652,47.462,47.872,972432
2020-09-03,48.119,48.728,47.777,48.062,750306
2020-09-04,47.7,48.747,47.586,47.853,596483
2020-09-07,48.538,48.538,47.586,48.005,338569
2020-09-08,48.214,48.367,45.55,45.778,1285003
2020-09-09,45.968,47.415,45.864,47.053,2035175
2020-09-10,47.396,47.662,45.968,46.844,739587
2020-09-11,47.072,47.12,46.273,47.12,685070
2020-09-14,47.777,47.853,46.444,46.549,514799
2020-09-15,46.634,47.025,45.883,46.254,806265
2020-09-16,46.378,46.378,45.235,45.397,804017
2020-09-17,47.053,47.472,45.254,47.472,1368214
2020-09-18,47.482,47.482,45.787,45.787,1742355
2020-09-21,45.797,46.244,44.027,44.255,1031346
2020-09-22,44.303,44.541,42.637,43.208,1319081
2020-09-23,42.875,44.027,42.847,42.989,913453
2020-09-24,42.828,42.904,41.733,41.942,1038727
2020-09-25,41.971,42.77,41.923,42.285,886999
2020-09-28,42.828,44.417,42.342,44.255,980463
2020-09-29,44.407,44.541,42.847,42.98,898619
2020-09-30,42.97,43.874,42.675,43.637,946419
2020-10-01,44.084,44.208,42.694,42.694,795945
2020-10-02,42.485,42.504,41.59,41.819,1250932
2020-10-05,42.637,44.388,42.637,43.779,1028170
2020-10-06,44.712,44.921,44.017,44.531,849092
2020-10-07,44.503,44.607,43.922,44.503,713352
2020-10-08,44.655,44.683,43.751,44.407,871380
2020-10-09,44.16,44.16,42.761,43.618,1316411
2020-10-12,43.76,43.951,42.428,42.542,1206335
2020-10-13,42.561,42.828,41.076,41.819,1492737
2020-10-14,41.876,41.933,40.753,41.21,1869983
2020-10-15,40.734,40.877,38.792,38.83,1653695
2020-10-16,38.849,40.401,38.088,40.068,1275457
2020-10-19,40.858,41.305,40.239,40.582,1327739
2020-10-20,40.543,41,39.439,40.401,911759
2020-10-21,40.439,41.019,39.782,39.782,698422
2020-10-22,39.497,40.153,39.021,39.82,890857
2020-10-23,39.991,40.639,39.535,39.744,1442084
2020-10-26,39.287,39.573,38.183,38.183,873787
2020-10-27,38.259,38.354,36.251,36.784,1989833
2020-10-28,36.166,37.117,35.404,35.918,1389770
2020-10-29,37.783,37.822,35.918,37.108,2029213
2020-10-30,37.089,37.089,35.737,36.261,1590652
2020-11-02,36.66,37.108,36.166,37.032,1299985
2020-11-03,37.308,40.81,37.212,40.705,3088969
2020-11-04,40.543,40.658,38.278,39.03,1746247
2020-11-05,39.202,39.687,38.469,38.811,1614513
2020-11-06,38.754,38.811,36.889,37.555,1370763
2020-11-09,38.183,43.208,37.612,42.961,4266300
2020-11-10,43.779,47.386,42.923,45.626,4101205
2020-11-12,45.511,46.634,43.38,44.655,2791766
2020-11-13,44.588,44.588,43.018,43.551,1235250
2020-11-16,44.579,47.282,44.36,47.206,2866561
2020-11-17,47.577,49.375,46.644,47.929,3706072
2020-11-18,47.929,49.927,47.443,49.87,1874521
2020-11-19,49.109,49.28,47.624,47.853,1678103
2020-11-20,47.872,48.005,46.016,47.624,2852561
2020-11-23,49.299,50.327,48.157,50.004,1831897
2020-11-24,50.441,51.755,50.365,51.412,2182246
2020-11-25,51.888,52.535,50.632,50.917,1983376
2020-11-26,50.936,51.564,50.594,51.393,756692
2020-11-27,51.203,51.203,50.061,50.936,901870
2020-11-30,50.251,55.276,48.233,52.668,8076121
2020-12-01,54.248,54.705,53.106,54.229,2465087
2020-12-02,54.477,54.477,52.592,53.601,1695142
2020-12-03,53.772,54.039,52.802,52.802,1538871
2020-12-04,53.696,54.819,52.992,54.724,1745016
2020-12-07,54.857,56.97,54.134,56.723,2778291
2020-12-08,56.628,57.751,55.961,57.103,2234850
2020-12-09,57.103,59.483,57.008,58.721,2701864
2020-12-10,58.778,59.35,57.199,58.988,2261919
2020-12-11,59.102,59.102,56.875,58.95,2247771
2020-12-14,59.045,60.149,57.313,57.922,1223899
2020-12-15,57.103,57.522,56.209,57.008,1205194
2020-12-16,57.065,58.531,56.837,57.161,1052708
2020-12-17,57.408,57.96,54.153,55.676,2425559
2020-12-18,55.2,56.57,55.105,55.657,2091592
2020-12-21,54.629,54.705,50.936,52.193,2209579
2020-12-22,52.288,53.772,51.622,53.544,1154114
2020-12-23,54.001,55.2,53.62,54.648,750066
2020-12-28,55.733,57.046,55.676,56.723,871385
2020-12-29,57.103,58.055,55.999,56.342,892928
2020-12-30,56.342,56.437,54.819,54.934,1525612
2021-01-04,56.095,57.694,55.79,56.133,1080284
2021-01-05,55.866,57.275,55.295,56.723,1532858
2021-01-07,58.455,59.863,57.865,59.863,2242218
2021-01-08,59.959,61.843,59.711,60.891,2127493
2021-01-11,60.91,61.101,59.483,60.358,1254564
2021-01-12,60.91,61.386,59.292,60.206,1444465
2021-01-13,60.796,60.853,58.169,58.379,1282337
2021-01-14,58.055,59.292,57.294,58.95,941614
2021-01-15,58.512,58.702,56.418,57.161,1345103
2021-01-18,56.913,58.798,55.771,58.721,1231995
2021-01-19,59.388,59.673,57.579,57.732,834752
2021-01-20,57.77,58.246,56.742,57.56,913973
2021-01-21,57.579,58.15,56.723,57.218,1001068
2021-01-22,56.628,57.199,55.295,56.799,1561538
2021-01-25,57.103,57.313,54.724,55.105,1090027
2021-01-26,54.781,56.78,53.849,55.771,1130950
2021-01-27,55.866,56.513,54.153,54.439,1467538
2021-01-28,53.868,55.733,53.487,55.2,1349966
2021-01-29,54.724,54.8,53.297,53.316,2649718
2021-02-01,53.772,55.447,53.525,54.42,1266054
2021-02-02,55.219,56.609,55.105,56.19,1233393
2021-02-03,56.342,57.103,55.428,56.076,888164
2021-02-04,57.103,57.694,55.657,55.657,1159810
2021-02-05,56.323,56.989,55.733,55.904,769996
2021-02-08,56.551,57.351,55.581,57.065,1493997
2021-02-09,57.199,58.74,56.361,57.503,1949106
2021-02-10,57.922,58.341,55.923,56.57,1053590
2021-02-11,56.723,57.294,55.961,56.57,982015
2021-02-12,56.57,56.932,55.543,56.875,604760
2021-02-15,57.808,58.284,57.103,57.465,850559
2021-02-16,57.846,58.817,57.484,58.626,1626194
2021-02-17,58.626,59.292,57.808,58.188,1213857
2021-02-18,58.131,58.588,56.171,56.171,1348435
2021-02-19,56.456,57.979,56.342,57.751,1176782
2021-02-22,57.389,57.541,56.494,56.647,733407
2021-02-23,57.008,58.474,55.942,56.837,1459129
2021-02-24,57.122,57.427,56.38,57.065,1550098
2021-02-25,58.055,58.493,57.008,57.027,1472823
2021-02-26,55.447,56.628,55.295,55.999,2070763
2021-03-01,57.103,57.579,56.361,57.484,1154642
2021-03-02,57.484,58.207,56.818,57.96,1107846
2021-03-03,57.979,58.759,57.275,57.294,1252009
2021-03-04,57.103,58.817,56.723,58.512,1705219
2021-03-05,58.074,61.767,58.074,60.682,3278872
2021-03-08,61.767,64.146,61.481,63.442,3447769
2021-03-09,63.499,64.622,63.099,63.823,2147184
2021-03-10,64.527,66.506,64.07,66.088,2519728
2021-03-11,66.24,67.477,64.298,65.174,1938164
2021-03-12,65.098,66.126,64.165,65.783,1073440
2021-03-15,65.764,66.811,65.022,65.06,889530
2021-03-16,65.117,65.764,62.814,63.252,1494536
2021-03-17,62.795,62.966,59.483,62.186,3296816
2021-03-18,61.957,63.271,61.101,61.995,1153435
2021-03-19,60.073,61.596,60.035,60.606,2066414
2021-03-22,59.959,61.767,59.635,60.986,767471
2021-03-23,61.101,61.158,59.292,59.997,942606
2021-03-24,59.388,60.606,59.007,59.787,1140417
2021-03-25,59.673,60.13,58.531,58.912,1145118
2021-03-26,59.369,60.948,58.817,59.997,1207830
2021-03-29,59.959,62.319,59.959,61.006,1086115
2021-03-30,61.272,62.052,60.473,61.462,1008351
2021-03-31,61.748,61.824,60.301,60.396,1188743
2021-04-01,60.434,61.443,60.415,61.101,919739
2021-04-06,60.929,63.194,60.929,63.004,1897841
2021-04-07,63.271,64.508,63.023,63.194,1983338
2021-04-08,63.842,63.88,61.443,61.481,1286858
2021-04-09,61.577,62.243,60.72,61.5,823073
2021-04-12,61.462,62.033,60.454,61.672,663705
2021-04-13,61.805,61.805,60.473,60.492,940125
2021-04-14,60.815,62.433,60.625,62.433,865892
2021-04-15,62.7,64.375,62.566,64.127,2083496
2021-04-16,64.127,64.451,63.175,63.918,1021478
2021-04-19,63.766,64.375,62.909,63.061,1038499
2021-04-20,63.175,64.165,62.719,63.004,1050185
2021-04-21,62.738,63.385,62.433,63.214,719871
2021-04-22,63.29,64.337,63.29,63.708,1428009
2021-04-23,63.537,63.651,62.547,63.29,966915
2021-04-26,63.461,63.708,62.623,63.537,683871
2021-04-27,63.689,63.823,63.023,63.689,1152578
2021-04-28,63.861,64.108,63.156,63.918,1015443
2021-04-29,64.432,65.536,64.241,64.241,1437527
2021-04-30,64.946,64.946,63.48,63.499,941161
2021-05-04,63.937,64.927,63.385,63.88,1628438
2021-05-05,64.375,65.821,64.089,65.726,1356492
2021-05-06,65.954,67.572,65.117,65.574,2187622
2021-05-07,66.621,67.001,65.916,66.64,1160664
2021-05-10,66.906,69,66.906,68.315,1514109
2021-05-11,68.258,68.81,67.325,68.714,1291067
2021-05-12,68.714,70.39,67.63,69.666,1867702
2021-05-13,69,70.846,68.086,70.428,2088881
2021-05-14,71.132,73.15,70.903,72.769,1586663
2021-05-17,73.283,74.139,71.836,72.769,1508436
2021-05-18,73.416,73.759,72.617,73.092,1086861
2021-05-19,72.617,72.636,70.961,71.57,1648700
2021-05-20,71.57,73.245,71.189,73.188,902764
2021-05-21,73.283,73.74,72.331,72.331,804675
2021-05-24,72.331,72.864,71.855,72.046,703062
2021-05-25,72.731,72.731,71.436,72.407,1249067
2021-05-26,72.445,73.054,71.95,73.054,828507
2021-05-27,72.978,74.92,72.483,74.501,2115989
2021-05-28,74.577,76.119,74.577,76.081,1031722
2021-05-31,76.252,78.689,75.948,77.851,1107418
2021-06-01,77.851,80.173,77.28,77.737,1305441
2021-06-02,77.756,78.536,76.442,77.261,1073299
2021-06-04,77.527,78.384,77.071,77.604,712608
2021-06-07,77.832,79.317,77.394,77.604,562048
2021-06-08,77.566,77.737,76.5,77.09,785717
2021-06-09,77.566,77.87,75.091,76.404,1462582
2021-06-10,76.138,78.784,75.738,78.784,1168522
2021-06-11,78.536,78.612,76.994,77.413,643021
2021-06-14,77.832,79.088,77.642,79.088,745677
2021-06-15,79.393,79.583,78.022,78.403,801454
2021-06-16,78.289,79.317,76.994,76.994,1048623
2021-06-17,76.785,78.308,76.614,77.47,908898
2021-06-18,77.318,77.47,74.177,74.729,3210226
2021-06-21,74.539,75.624,72.883,75.262,896327
2021-06-22,76.385,76.88,75.377,75.643,890379
2021-06-23,76.081,76.328,75.7,75.852,509222
2021-06-24,76.119,76.233,75.129,75.986,910493
2021-06-25,76.119,76.519,75.205,75.548,670028
2021-06-28,75.472,75.548,74.825,75.186,365811
2021-06-29,74.729,74.767,72.065,73.283,1335584
2021-06-30,73.359,73.759,72.198,73.073,1090657
2021-07-01,73.264,75.358,73.092,74.063,955421
2021-07-02,74.71,75.186,73.682,73.682,510580
2021-07-05,73.949,74.558,73.682,74.044,469198
2021-07-06,74.33,74.71,71.874,72.026,711879
2021-07-07,72.026,72.617,71.056,71.379,1495010
2021-07-08,71.379,71.436,68.829,69.818,1600156
2021-07-09,70.161,71.265,69.514,70.942,1082656
2021-07-12,71.018,72.046,70.485,71.855,733537
2021-07-13,72.141,72.16,70.713,70.827,597489
2021-07-14,71.379,71.912,71.189,71.646,555251
2021-07-15,70.922,71.855,70.351,70.504,1005641
2021-07-16,70.523,71.17,70.428,70.542,675561
2021-07-19,70.542,70.732,67.687,68.22,1434689
2021-07-20,68.524,69.59,67.801,69,1182679
2021-07-21,69.68,70.8,69.2,70.44,824569
2021-07-22,70.64,70.88,68.7,68.72,1024312
2021-07-23,68.66,69.5,68.42,69.4,642543
2021-07-26,69.4,70.86,68.4,70.34,737904
2021-07-27,70.38,70.52,69.22,69.44,539242
2021-07-28,69.68,71.96,69.68,71.54,926710
2021-07-29,73.56,74.28,72.54,72.54,1872315
2021-07-30,72.54,73.12,72.22,72.94,1121449
2021-08-02,73.8,73.8,72.02,72.24,651884
2021-08-03,73.62,74.86,72.66,73.68,1423272
2021-08-04,74,74.6,73.34,73.92,649992
2021-08-05,74.28,74.92,73.54,74.7,712827
2021-08-06,74.5,74.64,73.22,74,709794
2021-08-09,73.88,73.9,72.92,72.92,366154
2021-08-10,72.9,74.12,72.8,73.94,522804
2021-08-11,73.78,74.8,73.7,74.5,644254
2021-08-12,74.5,75.84,74.22,75.58,641279
2021-08-13,75.76,75.76,74.34,75,464549
2021-08-16,74.64,75.6,73.84,73.98,463766
2021-08-17,73.88,74.22,73.52,74.2,478575
2021-08-18,74.2,74.2,73.02,73.38,438490
2021-08-19,72.5,72.5,69.84,70.74,1332280
2021-08-20,70.72,71.5,70.1,71.42,579153
2021-08-23,71.76,72.92,71.76,72.5,893294
2021-08-24,73,74.48,72.82,74.36,849828
2021-08-25,74.3,74.3,73.36,74.24,420687
2021-08-26,74,74,72.7,72.7,451476
2021-08-27,72.88,73.66,72.3,73.56,319244
2021-08-30,73.56,74.12,73.32,73.96,438976
2021-08-31,73.96,74.88,73.18,74.3,1798821
2021-09-01,74.5,74.66,73.64,73.64,530211
2021-09-02,73.54,73.9,72,73.5,799618
2021-09-03,73.74,74.68,73.34,74.36,596722
2021-09-06,74.28,74.5,73.66,74.5,270214
2021-09-07,74.4,75.44,74.14,75.16,732107
2021-09-08,74.98,75.8,73.92,75.18,920646
2021-09-09,74.74,75.18,74.26,74.6,648506
2021-09-10,74.84,75,74.1,74.54,528048
2021-09-13,74.96,76.98,74.4,76.98,1099096
2021-09-14,77,80.72,76.74,80.5,2020430
2021-09-15,80.2,80.3,78.56,79.3,1433676
2021-09-16,79.18,79.2,76.86,77.1,1005818
2021-09-17,77.22,77.76,75.52,76.08,2438693
2021-09-20,75.1,75.54,72.52,74.22,1127073
2021-09-21,74.22,75.98,74.22,75.06,796050
2021-09-22,75.5,77.78,75.5,77.5,605559
2021-09-23,78.4,78.56,76.12,76.44,742725
2021-09-24,76.52,78.9,76.22,78.9,1576017
2021-09-27,79.1,80.38,79.04,79.82,1588099
2021-09-28,79.86,79.88,78.34,79.56,1016991
2021-09-29,79.26,80.14,78.54,80,856521
2021-09-30,80,82.34,79.84,82.02,2648573
2021-10-01,81.26,82.14,80.6,81.32,820804
2021-10-04,81,82.6,80.9,81.92,1027051
2021-10-05,82,82,80.34,81.96,871241
2021-10-06,81.62,81.92,80.1,81.56,1288414
2021-10-07,81.58,81.6,80.14,80.72,837873
2021-10-08,80.98,84.4,80.88,84.22,2084343
2021-10-11,84.72,87.56,83.54,87.44,1763705
2021-10-12,87.2,88.16,86.5,88.04,1506668
2021-10-13,88.04,89.46,85.18,87,1313738
2021-10-14,87.9,89.9,87,89.3,1425283
2021-10-15,89.6,91.2,89.5,90.6,1197608
2021-10-18,90.5,90.9,88.86,89.44,846376
2021-10-19,89.16,90.86,87.84,88.54,1162954
2021-10-20,88.54,90.1,88.42,90.04,774430
2021-10-21,89.7,89.7,87.14,87.6,1237984
2021-10-22,87.1,87.68,85.86,86.44,906851
2021-10-25,86.56,89.54,86.56,89.54,853149
2021-10-26,89.6,90.58,88.94,89.5,738273
2021-10-27,89.5,89.5,87.44,89.1,824887
2021-10-28,90.2,90.56,87.26,87.46,1303089
2021-10-29,87.46,88.62,85.4,86.06,1250560
2021-11-02,86.06,88.96,85.86,87.54,1632599
2021-11-03,87.48,88.4,86.1,87,894188
2021-11-04,87.48,89.3,87.3,89,1078374
2021-11-05,88.9,89.2,87.66,88.46,443900
2021-11-08,89,89.8,87.28,87.7,613146
2021-11-09,87.52,88.36,86.36,88.04,1023625
2021-11-10,87.88,89.3,87.58,87.86,905197
2021-11-12,87.6,88.24,85.58,85.78,1317591
2021-11-15,85.56,86.58,79.38,82.84,1881072
2021-11-16,82.32,83.96,81.5,83.46,1604922
2021-11-17,83.7,83.78,80.8,81,1019856
2021-11-18,80.5,80.5,78,78.6,1280213
2021-11-19,79,80.5,76.3,77.22,1175933
2021-11-22,77.2,80.26,76.8,79.18,1072173
2021-11-23,79.36,80.08,78.44,79.3,1385521
2021-11-24,79.96,81.8,78.96,80,769487
2021-11-25,80.02,80.5,78.22,78.62,646640
2021-11-26,76.98,76.98,73.34,73.64,1351160
2021-11-29,73.58,74.76,71.3,71.62,1340292
2021-11-30,70.78,72.56,69.2,71.3,1563722
2021-12-01,73.04,74.94,72.7,74.8,1098149
2021-12-02,74.2,74.5,72.84,73.6,875142
2021-12-03,74.2,75.76,73.52,73.76,1471755
2021-12-06,74,75.5,72.9,73.56,695856
2021-12-07,74.52,76.4,74.52,76.38,937791
2021-12-08,76.6,77.16,75,75,890627
2021-12-09,75.7,75.92,72.5,73.72,881236
2021-12-10,73.2,74.5,73,73.5,273039
2021-12-13,73.96,75.22,73.64,74.18,1065948
2021-12-14,74.1,75.16,72.88,74.9,1032553
2021-12-15,74.7,74.7,71.5,71.86,1145799
2021-12-16,73.1,74.76,72.44,74.76,948538
2021-12-17,73.64,74,72.2,72.9,1991208
2021-12-20,72,72,69.66,70.98,1161344
2021-12-21,72,72.6,71.44,71.6,821147
2021-12-22,71.64,72.52,71.5,72.52,464304
2021-12-23,72.7,73.4,72.1,73,531651
2021-12-27,72.98,73.28,71.32,71.6,471813
2021-12-28,71.62,73.18,71.62,72.72,773634
2021-12-29,72.84,73.94,72.72,73.94,331956
2021-12-30,74.2,74.34,73.58,74.34,393192
2022-01-03,74.5,75.68,74,75.16,566158
2022-01-04,75.72,76.36,74.98,76.36,822110
2022-01-05,76.4,79.1,76.08,79.02,1692472
2022-01-07,78.5,81.16,77.4,79.86,1603776
2022-01-10,80.02,80.14,77.72,77.82,988667
2022-01-11,78.3,79.4,76.44,79.14,1323466
2022-01-12,79.44,82.44,78.02,82.2,2421296
2022-01-13,82.2,83.66,80.66,81.44,1459203
2022-01-14,81.44,83,81.38,82.16,1059520
2022-01-17,82.04,82.2,81.26,81.56,415517
2022-01-18,81.54,82.24,79.5,80,772377
2022-01-19,79.5,81.32,78.68,80.86,1248094
2022-01-20,80.9,81,79.06,80.76,552195
2022-01-21,79.54,79.92,76.6,77.78,1250452
2022-01-24,77.4,78.2,72,72.8,1400410
2022-01-25,73.2,74.96,72.9,74.44,1170885
2022-01-26,75.2,76.02,73.5,74.46,803008
2022-01-27,73.48,75,71.6,73.8,1608350
2022-01-28,74.02,74.02,70.86,71.78,1882662
2022-01-31,72.92,73.22,70.6,71,1748082
2022-02-01,71.5,72.34,70.9,71.72,708805
2022-02-02,72.1,73.12,70.86,71.3,1199609
2022-02-03,71.3,71.76,70.68,71.16,970018
2022-02-04,71.18,71.26,68.8,68.92,1264138
2022-02-07,69.48,69.9,67.26,68.5,1121303
2022-02-08,68.8,71.7,68.38,71.6,1356648
2022-02-09,72.06,73.8,71.18,73.26,1465555
2022-02-10,73.26,73.58,70.9,71.22,913266
2022-02-11,70.8,71.74,70.3,71.62,769598
2022-02-14,69.74,71.18,68.04,70.58,1225764
2022-02-15,71.22,73.3,71.14,73.28,1510492
2022-02-16,73.32,75.5,73.32,73.72,1402517
2022-02-17,73.5,73.56,71.18,71.78,888008
2022-02-18,71.74,72.3,70.88,70.96,666638
2022-02-21,71.48,72,67.62,68.12,866320
2022-02-22,66.6,69.98,65.14,69.7,1419253
2022-02-23,69.88,71.5,68.2,68.2,1113398
2022-02-24,64.92,65.9,61.14,62.96,2622289
2022-02-25,63.6,70.5,63.52,69.86,2512019
2022-02-28,68.46,71.7,67.2,71.06,2955226
2022-03-01,71.2,75.12,71.2,73.02,1779885
2022-03-02,73.1,77.46,72.1,77.46,2649725
2022-03-03,79,81.2,77.84,79.1,2648605
2022-03-04,77.98,78.68,73.7,74.42,1920795
2022-03-07,73,78.6,73,77.7,2272369
2022-03-08,77.7,79.56,76.32,77.38,1492231
2022-03-09,79.12,79.96,73.1,74.04,1929725
2022-03-10,74.22,75.42,73.4,74.66,1292634
2022-03-11,74.66,77.8,74.2,77.6,1369221
2022-03-14,77.02,77.42,73.8,73.8,1759899
2022-03-15,74.2,75.74,73.4,75,1308018
2022-03-16,76.22,76.24,73.64,74.48,1367036
2022-03-17,75.2,76.84,74.7,76.64,1344922
2022-03-18,76.92,77.94,74.54,74.78,2437323
2022-03-21,74.92,78,74.9,78,921040
2022-03-22,78.1,78.46,76.92,78.04,999109
2022-03-23,78.5,79.16,77.76,78.96,678295
2022-03-24,78.96,79.2,76.72,78.24,887559
2022-03-25,78.24,78.96,76.82,77.66,897011
2022-03-28,76.8,78.66,76.62,77.36,806685
2022-03-29,77.98,78.04,74.66,75.5,1567267
2022-03-30,76.14,76.34,74.82,75.62,1171548
2022-03-31,75.82,77.12,75.5,76.02,1403260
2022-04-01,76.72,76.96,75.66,76.48,821267
2022-04-04,77,79.26,76.76,79,1512645
2022-04-05,79.1,79.34,76.3,76.3,967475
2022-04-06,76.3,77,74.82,77,796302
2022-04-07,77,77.02,74.2,74.2,856052
2022-04-08,75,76.32,74.9,76,877832
2022-04-11,76.4,78.7,75.8,78.7,1178334
2022-04-12,78.6,80.9,76.84,80.38,1727259
2022-04-13,80.9,81.82,79.02,81.6,1410511
2022-04-14,81.7,82.1,80.22,81.08,608049
2022-04-19,81.08,81.66,79.58,80.58,824204
2022-04-20,80.58,81.52,79.44,79.44,509595
2022-04-21,79.8,80.4,78.32,78.38,927380
2022-04-22,78.2,78.24,76.1,76.1,730930
2022-04-25,75.02,75.5,72.92,72.92,1307184
2022-04-26,74.62,76.88,73.66,74.02,1585806
2022-04-27,74.1,76.08,73.86,75.02,1231260
2022-04-28,76,77.22,74.68,76,836815
2022-04-29,76.8,77.6,75,75.32,1028055
2022-05-02,75.3,75.52,71.7,72.46,619593
2022-05-04,73,74.9,72.14,74,959488
2022-05-05,74.98,74.98,72.02,72.5,1081481
2022-05-06,72,74.9,70.5,74.9,1323415
2022-05-09,74.08,76.44,73.56,75.42,1032043
2022-05-10,75.52,76.7,72.16,74,1706819
2022-05-11,74.8,75.26,72.18,72.18,1321854
2022-05-12,70.98,71.34,69.28,70,1587632
2022-05-13,70.8,73.84,70.8,73.5,980991
2022-05-16,73,74.42,72.8,73.84,623442
2022-05-17,74.38,75.34,72.8,72.84,896501
2022-05-18,73,74.44,72.88,73.06,1023525
2022-05-19,72,72.2,70.54,71.4,925451
2022-05-20,71.8,72.4,70.06,70.06,1043110
2022-05-23,70.92,73.36,70.92,72.64,805239
2022-05-24,71.5,72.6,71.1,71.72,875193
2022-05-25,72.4,72.4,71.12,71.34,843056
2022-05-26,71.34,71.98,70.8,71.6,556743
2022-05-27,71.64,71.96,70.02,70.4,809863
2022-05-30,71,72.98,70.9,72.9,665211
2022-05-31,72.9,76.4,72.18,73.9,2791059
2022-06-01,73.9,73.9,72.1,72.18,493949
2022-06-02,72,72.44,70.64,71.84,779960
2022-06-03,71.12,73.04,70.5,73,1234744
2022-06-06,73.64,74.96,72.92,73.5,696361
2022-06-07,73.5,74.26,72.84,74.04,969335
2022-06-08,74.1,74.86,73.02,73.34,747069
2022-06-09,73.34,73.84,73.02,73.22,755166
2022-06-10,73,73,70.76,70.76,682451
2022-06-13,70.3,71.8,69.56,70.48,1018386
2022-06-14,70.48,71.08,69.32,70.82,717287
2022-06-15,71.02,71.1,69.68,70.74,926575
2022-06-17,69.14,69.5,67.6,67.6,2225833
2022-06-20,68,68.4,65.64,66.64,1112666
2022-06-21,67,69.42,66.78,69.42,639046
2022-06-22,68.1,68.26,65.7,66.14,1001597
2022-06-23,66,66.66,64.5,64.5,672182
2022-06-24,65.02,65.48,64.42,64.7,681719
2022-06-27,64.9,67.56,64.9,67.44,800185
2022-06-28,68,69.08,67.8,68.76,1540135
2022-06-29,68.4,70.1,68.06,69.3,971528
2022-06-30,68.7,69.26,68.28,68.52,1491863
2022-07-01,68,70.16,67.74,68.02,832804
2022-07-04,69,71.36,68.42,71.24,714273
2022-07-05,71.5,71.9,68.98,69.6,1151108
2022-07-06,70.04,70.04,67.64,67.74,851926
2022-07-07,68,70.58,67.74,70.5,678991
2022-07-08,70.44,73.5,70,73.36,1049648
2022-07-11,71.5,71.5,69.7,70.6,1213761
2022-07-12,70,71.38,69,69.52,1135920
2022-07-13,69.54,72.2,69.2,70.62,921344
2022-07-14,70.56,71.16,66.56,67.22,1318779
2022-07-15,67.66,69.1,66.82,68.7,637463
2022-07-18,69.9,72.98,69.88,72.76,1009348
2022-07-19,72.5,73.12,71.26,72.8,648131
2022-07-20,73.24,74.1,73,74.1,1053042
2022-07-21,74.2,74.92,72.92,73.44,1335941
2022-07-22,73.52,76.2,73.22,75.8,1701259
